Trade #,Type,Signal,Date/Time,Price USD,Contracts,Profit USD,Profit %,Cum. Profit USD,Cum. Profit %,Run-up USD,Run-up %,Drawdown USD,Drawdown %
403,Exit Long,Open,,,,,,,,,,,
403,Entry Long,buy,2024-01-22 15:35,54.94,,,,,,,,,
402,Exit Long,Close entry(s) order buy,2024-01-22 12:35,54.92,390,-81.90,-0.38,11456.57,-0.38,0,0,144.30,0.67
402,Entry Long,buy,2024-01-22 12:05,55.13,390,-81.90,-0.38,11456.57,-0.38,0,0,144.30,0.67
401,Exit Long,Close entry(s) order buy,2024-01-22 11:35,55.10,390,-23.40,-0.11,11538.47,-0.11,175.50,0.82,241.80,1.12
401,Entry Long,buy,2024-01-22 09:45,55.16,390,-23.40,-0.11,11538.47,-0.11,175.50,0.82,241.80,1.12
400,Exit Long,Close entry(s) order buy,2024-01-22 09:40,55.57,388,438.44,2.08,11561.87,2.08,574.24,2.72,15.52,0.07
400,Entry Long,buy,2024-01-19 15:40,54.44,388,438.44,2.08,11561.87,2.08,574.24,2.72,15.52,0.07
399,Exit Long,Close entry(s) order buy,2024-01-19 15:35,54.52,387,81.27,0.39,11123.43,0.39,119.97,0.57,27.09,0.13
399,Entry Long,buy,2024-01-19 14:45,54.31,387,81.27,0.39,11123.43,0.39,119.97,0.57,27.09,0.13
398,Exit Long,Close entry(s) order buy,2024-01-19 14:35,54.20,388,1090.28,5.47,11042.16,5.46,1218.32,6.11,7.76,0.04
398,Entry Long,buy,2024-01-18 15:40,51.39,388,1090.28,5.47,11042.16,5.46,1218.32,6.11,7.76,0.04
397,Exit Long,Close entry(s) order buy,2024-01-18 15:35,51.55,387,255.42,1.3,9951.88,1.3,278.64,1.41,7.74,0.04
397,Entry Long,buy,2024-01-18 14:05,50.89,387,255.42,1.3,9951.88,1.3,278.64,1.41,7.74,0.04
396,Exit Long,Close entry(s) order buy,2024-01-18 12:35,50.60,389,-124.48,-0.63,9696.46,-0.63,225.62,1.14,163.38,0.82
396,Entry Long,buy,2024-01-18 09:40,50.92,389,-124.48,-0.63,9696.46,-0.63,225.62,1.14,163.38,0.82
395,Exit Long,Close entry(s) order buy,2024-01-16 12:35,49.84,397,-293.78,-1.46,9820.94,-1.46,27.79,0.14,325.54,1.62
395,Entry Long,buy,2024-01-16 11:40,50.58,397,-293.78,-1.46,9820.94,-1.46,27.79,0.14,325.54,1.62
394,Exit Long,Close entry(s) order buy,2024-01-16 11:35,50.74,396,198.00,1,10114.72,0.99,265.32,1.33,360.36,1.81
394,Entry Long,buy,2024-01-12 15:40,50.24,396,198.00,1,10114.72,0.99,265.32,1.33,360.36,1.81
393,Exit Long,Close entry(s) order buy,2024-01-12 15:35,50.29,396,83.16,0.42,9916.72,0.42,186.12,0.94,31.68,0.16
393,Entry Long,buy,2024-01-12 12:40,50.08,396,83.16,0.42,9916.72,0.42,186.12,0.94,31.68,0.16
392,Exit Long,Close entry(s) order buy,2024-01-12 12:35,50.12,395,19.75,0.1,9833.56,0.1,359.45,1.82,90.85,0.46
392,Entry Long,buy,2024-01-11 15:40,50.07,395,19.75,0.1,9833.56,0.1,359.45,1.82,90.85,0.46
391,Exit Long,Close entry(s) order buy,2024-01-11 15:35,50.21,394,232.46,1.19,9813.81,1.19,323.08,1.65,0,0
391,Entry Long,buy,2024-01-11 13:35,49.62,394,232.46,1.19,9813.81,1.19,323.08,1.65,0,0
390,Exit Long,Close entry(s) order buy,2024-01-11 10:35,49.44,396,-277.20,-1.4,9581.35,-1.4,43.56,0.22,435.60,2.19
390,Entry Long,buy,2024-01-11 09:50,50.14,396,-277.20,-1.4,9581.35,-1.4,43.56,0.22,435.60,2.19
389,Exit Long,Close entry(s) order buy,2024-01-10 15:35,50.07,396,201.96,1.03,9858.55,1.03,336.60,1.72,87.12,0.44
389,Entry Long,buy,2024-01-10 11:45,49.56,396,201.96,1.03,9858.55,1.03,336.60,1.72,87.12,0.44
388,Exit Long,Close entry(s) order buy,2024-01-10 11:35,49.38,398,-3.98,-0.02,9656.59,-0.02,111.44,0.57,214.92,1.09
388,Entry Long,buy,2024-01-10 09:40,49.39,398,-3.98,-0.02,9656.59,-0.02,111.44,0.57,214.92,1.09
387,Exit Long,Close entry(s) order buy,2024-01-02 09:40,48.80,402,-791.94,-3.88,9660.57,-3.87,36.18,0.18,812.04,3.98
387,Entry Long,buy,2023-12-29 15:35,50.77,402,-791.94,-3.88,9660.57,-3.87,36.18,0.18,812.04,3.98
386,Exit Long,Close entry(s) order buy,2023-12-28 15:35,51.49,397,-91.31,-0.44,10452.51,-0.44,0,0,146.89,0.72
386,Entry Long,buy,2023-12-28 13:40,51.72,397,-91.31,-0.44,10452.51,-0.44,0,0,146.89,0.72
385,Exit Long,Close entry(s) order buy,2023-12-28 13:35,51.67,397,7.94,0.04,10543.82,0.04,47.64,0.23,99.25,0.48
385,Entry Long,buy,2023-12-28 11:45,51.65,397,7.94,0.04,10543.82,0.04,47.64,0.23,99.25,0.48
384,Exit Long,Close entry(s) order buy,2023-12-28 11:35,51.60,397,87.34,0.43,10535.88,0.43,250.11,1.23,71.46,0.35
384,Entry Long,buy,2023-12-27 15:40,51.38,397,87.34,0.43,10535.88,0.43,250.11,1.23,71.46,0.35
383,Exit Long,Close entry(s) order buy,2023-12-27 15:35,51.34,398,19.90,0.1,10448.54,0.1,35.82,0.18,51.74,0.25
383,Entry Long,buy,2023-12-27 14:40,51.29,398,19.90,0.1,10448.54,0.1,35.82,0.18,51.74,0.25
382,Exit Long,Close entry(s) order buy,2023-12-27 14:35,51.33,397,3.97,0.02,10428.64,0.02,134.98,0.66,95.28,0.47
382,Entry Long,buy,2023-12-27 11:50,51.32,397,3.97,0.02,10428.64,0.02,134.98,0.66,95.28,0.47
381,Exit Long,Close entry(s) order buy,2023-12-27 10:35,51.14,399,-135.66,-0.66,10424.67,-0.66,59.85,0.29,183.54,0.89
381,Entry Long,buy,2023-12-27 09:45,51.48,399,-135.66,-0.66,10424.67,-0.66,59.85,0.29,183.54,0.89
380,Exit Long,Close entry(s) order buy,2023-12-27 09:40,51.45,399,219.45,1.08,10560.33,1.08,279.30,1.38,0,0
380,Entry Long,buy,2023-12-26 12:40,50.90,399,219.45,1.08,10560.33,1.08,279.30,1.38,0,0
379,Exit Long,Close entry(s) order buy,2023-12-26 12:35,50.93,399,-11.97,-0.06,10340.88,-0.06,31.92,0.16,19.95,0.1
379,Entry Long,buy,2023-12-26 11:40,50.96,399,-11.97,-0.06,10340.88,-0.06,31.92,0.16,19.95,0.1
378,Exit Long,Close entry(s) order buy,2023-12-26 11:35,50.95,399,0,0,10352.85,0,51.87,0.26,75.81,0.37
378,Entry Long,buy,2023-12-26 09:45,50.95,399,0,0,10352.85,0,51.87,0.26,75.81,0.37
377,Exit Long,Close entry(s) order buy,2023-12-26 09:40,50.82,400,164.00,0.81,10352.85,0.81,204.00,1.01,92.00,0.46
377,Entry Long,buy,2023-12-22 15:05,50.41,400,164.00,0.81,10352.85,0.81,204.00,1.01,92.00,0.46
376,Exit Long,Close entry(s) order buy,2023-12-22 14:35,49.84,405,-287.55,-1.4,10188.85,-1.4,81.00,0.4,364.50,1.78
376,Entry Long,buy,2023-12-22 11:40,50.55,405,-287.55,-1.4,10188.85,-1.4,81.00,0.4,364.50,1.78
375,Exit Long,Close entry(s) order buy,2023-12-22 11:35,50.61,404,238.36,1.18,10476.40,1.18,371.68,1.84,8.08,0.04
375,Entry Long,buy,2023-12-21 15:35,50.02,404,238.36,1.18,10476.40,1.18,371.68,1.84,8.08,0.04
374,Exit Long,Close entry(s) order buy,2023-12-20 14:35,50.58,400,-168.00,-0.82,10238.04,-0.82,76.00,0.37,204.00,1
374,Entry Long,buy,2023-12-20 11:50,51.00,400,-168.00,-0.82,10238.04,-0.82,76.00,0.37,204.00,1
373,Exit Long,Close entry(s) order buy,2023-12-20 11:35,50.89,400,24.00,0.12,10406.04,0.12,176.00,0.87,196.00,0.96
373,Entry Long,buy,2023-12-19 15:40,50.83,400,24.00,0.12,10406.04,0.12,176.00,0.87,196.00,0.96
372,Exit Long,Close entry(s) order buy,2023-12-19 15:35,50.84,400,40.00,0.2,10382.04,0.2,68.00,0.34,80.00,0.39
372,Entry Long,buy,2023-12-19 12:40,50.74,400,40.00,0.2,10382.04,0.2,68.00,0.34,80.00,0.39
371,Exit Long,Close entry(s) order buy,2023-12-19 12:35,50.76,400,100.00,0.49,10342.04,0.49,172.00,0.85,36.00,0.18
371,Entry Long,buy,2023-12-19 09:50,50.51,400,100.00,0.49,10342.04,0.49,172.00,0.85,36.00,0.18
370,Exit Long,Close entry(s) order buy,2023-12-19 09:40,50.70,399,55.86,0.28,10242.04,0.28,71.82,0.36,107.73,0.53
370,Entry Long,buy,2023-12-18 14:45,50.56,399,55.86,0.28,10242.04,0.28,71.82,0.36,107.73,0.53
369,Exit Long,Close entry(s) order buy,2023-12-18 14:35,50.42,400,328.00,1.65,10186.18,1.65,400.00,2.02,56.00,0.28
369,Entry Long,buy,2023-12-18 09:45,49.60,400,328.00,1.65,10186.18,1.65,400.00,2.02,56.00,0.28
368,Exit Long,Close entry(s) order buy,2023-12-18 09:40,49.61,400,136.00,0.69,9858.18,0.69,200.00,1.01,36.00,0.18
368,Entry Long,buy,2023-12-15 15:35,49.27,400,136.00,0.69,9858.18,0.69,200.00,1.01,36.00,0.18
367,Exit Long,Close entry(s) order buy,2023-12-15 12:35,49.50,398,-19.90,-0.1,9722.18,-0.1,95.52,0.48,67.66,0.34
367,Entry Long,buy,2023-12-15 10:35,49.55,398,-19.90,-0.1,9722.18,-0.1,95.52,0.48,67.66,0.34
366,Exit Long,Close entry(s) order buy,2023-12-14 13:35,48.20,409,-323.11,-1.61,9742.08,-1.61,98.16,0.49,392.64,1.96
366,Entry Long,buy,2023-12-14 12:20,48.99,409,-323.11,-1.61,9742.08,-1.61,98.16,0.49,392.64,1.96
365,Exit Long,Close entry(s) order buy,2023-12-14 10:35,49.09,408,293.76,1.49,10065.19,1.49,550.80,2.79,146.88,0.74
365,Entry Long,buy,2023-12-13 14:35,48.37,408,293.76,1.49,10065.19,1.49,550.80,2.79,146.88,0.74
364,Exit Long,Close entry(s) order buy,2023-12-13 11:35,47.37,417,341.94,1.76,9771.43,1.76,521.25,2.69,4.17,0.02
364,Entry Long,buy,2023-12-12 13:40,46.55,417,341.94,1.76,9771.43,1.76,521.25,2.69,4.17,0.02
363,Exit Long,Close entry(s) order buy,2023-12-12 13:35,46.51,417,33.36,0.17,9429.49,0.17,58.38,0.3,41.70,0.22
363,Entry Long,buy,2023-12-12 12:40,46.43,417,33.36,0.17,9429.49,0.17,58.38,0.3,41.70,0.22
362,Exit Long,Close entry(s) order buy,2023-12-12 12:35,46.45,417,204.33,1.07,9396.13,1.06,262.71,1.37,158.46,0.83
362,Entry Long,buy,2023-12-11 15:40,45.96,417,204.33,1.07,9396.13,1.06,262.71,1.37,158.46,0.83
361,Exit Long,Close entry(s) order buy,2023-12-11 15:35,45.87,418,-25.08,-0.13,9191.80,-0.13,20.90,0.11,50.16,0.26
361,Entry Long,buy,2023-12-11 15:15,45.93,418,-25.08,-0.13,9191.80,-0.13,20.90,0.11,50.16,0.26
360,Exit Long,Close entry(s) order buy,2023-12-11 14:35,45.95,418,259.16,1.37,9216.88,1.37,313.50,1.65,29.26,0.15
360,Entry Long,buy,2023-12-11 11:55,45.33,418,259.16,1.37,9216.88,1.37,313.50,1.65,29.26,0.15
359,Exit Long,Close entry(s) order buy,2023-12-11 11:35,45.13,420,-4.20,-0.02,8957.72,-0.02,231.00,1.22,37.80,0.2
359,Entry Long,buy,2023-12-11 09:45,45.14,420,-4.20,-0.02,8957.72,-0.02,231.00,1.22,37.80,0.2
358,Exit Long,Close entry(s) order buy,2023-12-11 09:40,45.14,420,67.20,0.36,8961.92,0.36,88.20,0.47,155.40,0.82
358,Entry Long,buy,2023-12-08 15:40,44.98,420,67.20,0.36,8961.92,0.36,88.20,0.47,155.40,0.82
357,Exit Long,Close entry(s) order buy,2023-12-08 15:35,44.89,420,180.60,0.97,8894.72,0.97,226.80,1.21,4.20,0.02
357,Entry Long,buy,2023-12-08 12:40,44.46,420,180.60,0.97,8894.72,0.97,226.80,1.21,4.20,0.02
356,Exit Long,Close entry(s) order buy,2023-12-08 12:35,44.43,421,96.83,0.52,8714.12,0.52,143.14,0.77,105.25,0.57
356,Entry Long,buy,2023-12-08 11:40,44.20,421,96.83,0.52,8714.12,0.52,143.14,0.77,105.25,0.57
355,Exit Long,Close entry(s) order buy,2023-12-08 11:35,44.44,418,129.58,0.7,8617.29,0.7,346.94,1.88,121.22,0.66
355,Entry Long,buy,2023-12-08 09:50,44.13,418,129.58,0.7,8617.29,0.7,346.94,1.88,121.22,0.66
354,Exit Long,Close entry(s) order buy,2023-12-05 11:35,43.09,429,214.50,1.17,8487.71,1.17,476.19,2.61,137.28,0.75
354,Entry Long,buy,2023-12-04 14:35,42.59,429,214.50,1.17,8487.71,1.17,476.19,2.61,137.28,0.75
353,Exit Long,Close entry(s) order buy,2023-12-04 13:35,42.56,429,-107.25,-0.58,8273.21,-0.58,8.58,0.05,124.41,0.68
353,Entry Long,buy,2023-12-04 13:05,42.81,429,-107.25,-0.58,8273.21,-0.58,8.58,0.05,124.41,0.68
352,Exit Long,Close entry(s) order buy,2023-12-04 09:40,42.88,428,-462.24,-2.46,8380.46,-2.45,162.64,0.86,543.56,2.89
352,Entry Long,buy,2023-12-01 14:10,43.96,428,-462.24,-2.46,8380.46,-2.45,162.64,0.86,543.56,2.89
351,Exit Long,Close entry(s) order buy,2023-12-01 13:35,44.11,427,145.18,0.78,8842.70,0.78,286.09,1.53,89.67,0.48
351,Entry Long,buy,2023-12-01 11:35,43.77,427,145.18,0.78,8842.70,0.78,286.09,1.53,89.67,0.48
350,Exit Long,Close entry(s) order buy,2023-12-01 10:35,43.22,432,-112.32,-0.6,8697.52,-0.6,108.00,0.57,237.60,1.26
350,Entry Long,buy,2023-12-01 09:45,43.48,432,-112.32,-0.6,8697.52,-0.6,108.00,0.57,237.60,1.26
349,Exit Long,Close entry(s) order buy,2023-11-29 15:35,44.18,425,-76.50,-0.41,8809.84,-0.41,85.00,0.45,89.25,0.47
349,Entry Long,buy,2023-11-29 14:40,44.36,425,-76.50,-0.41,8809.84,-0.41,85.00,0.45,89.25,0.47
348,Exit Long,Close entry(s) order buy,2023-11-29 14:35,44.53,424,-42.40,-0.22,8886.34,-0.22,38.16,0.2,63.60,0.34
348,Entry Long,buy,2023-11-29 13:45,44.63,424,-42.40,-0.22,8886.34,-0.22,38.16,0.2,63.60,0.34
347,Exit Long,Close entry(s) order buy,2023-11-29 13:35,44.55,424,16.96,0.09,8928.74,0.09,139.92,0.74,21.20,0.11
347,Entry Long,buy,2023-11-29 12:05,44.51,424,16.96,0.09,8928.74,0.09,139.92,0.74,21.20,0.11
346,Exit Long,Close entry(s) order buy,2023-11-29 11:35,44.37,426,115.02,0.61,8911.78,0.61,690.12,3.67,8.52,0.05
346,Entry Long,buy,2023-11-28 15:35,44.10,426,115.02,0.61,8911.78,0.61,690.12,3.67,8.52,0.05
345,Exit Long,Close entry(s) order buy,2023-11-28 14:35,43.99,427,-17.08,-0.09,8796.76,-0.09,38.43,0.2,64.05,0.34
345,Entry Long,buy,2023-11-28 13:40,44.03,427,-17.08,-0.09,8796.76,-0.09,38.43,0.2,64.05,0.34
344,Exit Long,Close entry(s) order buy,2023-11-28 13:35,44.02,427,-222.04,-1.17,8813.84,-1.17,25.62,0.13,337.33,1.77
344,Entry Long,buy,2023-11-28 11:35,44.54,427,-222.04,-1.17,8813.84,-1.17,25.62,0.13,337.33,1.77
343,Exit Long,Close entry(s) order buy,2023-11-28 09:40,43.91,433,-177.53,-0.93,9035.88,-0.92,30.31,0.16,229.49,1.2
343,Entry Long,buy,2023-11-27 15:35,44.32,433,-177.53,-0.93,9035.88,-0.92,30.31,0.16,229.49,1.2
342,Exit Long,Close entry(s) order buy,2023-11-27 14:35,44.31,433,4.33,0.02,9213.41,0.02,190.52,0.99,99.59,0.52
342,Entry Long,buy,2023-11-27 10:40,44.30,433,4.33,0.02,9213.41,0.02,190.52,0.99,99.59,0.52
341,Exit Long,Close entry(s) order buy,2023-11-27 10:35,44.33,433,181.86,0.96,9209.08,0.96,216.50,1.14,60.62,0.32
341,Entry Long,buy,2023-11-27 09:35,43.91,433,181.86,0.96,9209.08,0.96,216.50,1.14,60.62,0.32
340,Exit Long,Close entry(s) order buy,2023-11-24 09:40,44.18,430,-124.70,-0.65,9027.22,-0.65,12.90,0.07,189.20,0.99
340,Entry Long,buy,2023-11-22 15:35,44.47,430,-124.70,-0.65,9027.22,-0.65,12.90,0.07,189.20,0.99
339,Exit Long,Close entry(s) order buy,2023-11-22 14:35,44.51,430,-77.40,-0.4,9151.92,-0.4,73.10,0.38,197.80,1.03
339,Entry Long,buy,2023-11-22 10:35,44.69,430,-77.40,-0.4,9151.92,-0.4,73.10,0.38,197.80,1.03
338,Exit Long,Close entry(s) order buy,2023-11-21 09:40,44.04,436,-270.32,-1.39,9229.32,-1.39,122.08,0.63,366.24,1.88
338,Entry Long,buy,2023-11-20 14:40,44.66,436,-270.32,-1.39,9229.32,-1.39,122.08,0.63,366.24,1.88
337,Exit Long,Close entry(s) order buy,2023-11-20 14:35,44.62,437,201.02,1.04,9499.64,1.04,205.39,1.06,39.33,0.2
337,Entry Long,buy,2023-11-20 12:40,44.16,437,201.02,1.04,9499.64,1.04,205.39,1.06,39.33,0.2
336,Exit Long,Close entry(s) order buy,2023-11-20 12:35,44.15,437,209.76,1.1,9298.62,1.1,253.46,1.33,78.66,0.41
336,Entry Long,buy,2023-11-20 09:45,43.67,437,209.76,1.1,9298.62,1.1,253.46,1.33,78.66,0.41
335,Exit Long,Close entry(s) order buy,2023-11-20 09:40,43.75,436,34.88,0.18,9088.86,0.18,78.48,0.41,0,0
335,Entry Long,buy,2023-11-20 09:35,43.67,436,34.88,0.18,9088.86,0.18,78.48,0.41,0,0
334,Exit Long,Close entry(s) order buy,2023-11-17 15:35,43.06,442,97.24,0.51,9053.98,0.51,291.72,1.54,26.52,0.14
334,Entry Long,buy,2023-11-17 11:40,42.84,442,97.24,0.51,9053.98,0.51,291.72,1.54,26.52,0.14
333,Exit Long,Close entry(s) order buy,2023-11-17 11:35,42.85,442,0,0,8956.74,0,39.78,0.21,123.76,0.65
333,Entry Long,buy,2023-11-17 10:40,42.85,442,0,0,8956.74,0,39.78,0.21,123.76,0.65
332,Exit Long,Close entry(s) order buy,2023-11-17 10:35,42.83,442,-88.40,-0.46,8956.74,-0.46,79.56,0.42,194.48,1.02
332,Entry Long,buy,2023-11-16 15:35,43.03,442,-88.40,-0.46,8956.74,-0.46,79.56,0.42,194.48,1.02
331,Exit Long,Close entry(s) order buy,2023-11-15 15:35,43.20,440,-13.20,-0.07,9045.14,-0.07,66.00,0.35,114.40,0.6
331,Entry Long,buy,2023-11-15 14:05,43.23,440,-13.20,-0.07,9045.14,-0.07,66.00,0.35,114.40,0.6
330,Exit Long,Close entry(s) order buy,2023-11-15 12:35,43.22,440,-132.00,-0.69,9058.34,-0.69,114.40,0.6,215.60,1.13
330,Entry Long,buy,2023-11-15 09:45,43.52,440,-132.00,-0.69,9058.34,-0.69,114.40,0.6,215.60,1.13
329,Exit Long,Close entry(s) order buy,2023-11-15 09:40,43.58,440,290.40,1.54,9190.34,1.54,365.20,1.93,30.80,0.16
329,Entry Long,buy,2023-11-14 14:40,42.92,440,290.40,1.54,9190.34,1.54,365.20,1.93,30.80,0.16
328,Exit Long,Close entry(s) order buy,2023-11-14 14:35,42.89,440,30.80,0.16,8899.94,0.16,96.80,0.51,127.60,0.68
328,Entry Long,buy,2023-11-14 12:40,42.82,440,30.80,0.16,8899.94,0.16,96.80,0.51,127.60,0.68
327,Exit Long,Close entry(s) order buy,2023-11-14 12:35,42.74,441,-57.33,-0.3,8869.14,-0.3,0,0,119.07,0.63
327,Entry Long,buy,2023-11-14 11:50,42.87,441,-57.33,-0.3,8869.14,-0.3,0,0,119.07,0.63
326,Exit Long,Close entry(s) order buy,2023-11-14 11:35,42.84,441,97.02,0.52,8926.47,0.52,233.73,1.24,8.82,0.05
326,Entry Long,buy,2023-11-14 09:50,42.62,441,97.02,0.52,8926.47,0.52,233.73,1.24,8.82,0.05
325,Exit Long,Close entry(s) order buy,2023-11-14 09:40,42.64,441,934.92,5.23,8829.45,5.22,961.38,5.38,74.97,0.42
325,Entry Long,buy,2023-11-13 15:40,40.52,441,934.92,5.23,8829.45,5.22,961.38,5.38,74.97,0.42
324,Exit Long,Close entry(s) order buy,2023-11-13 15:35,40.56,441,-8.82,-0.05,7894.53,-0.05,61.74,0.34,70.56,0.39
324,Entry Long,buy,2023-11-13 13:45,40.58,441,-8.82,-0.05,7894.53,-0.05,61.74,0.34,70.56,0.39
323,Exit Long,Close entry(s) order buy,2023-11-13 13:35,40.37,443,-48.73,-0.27,7903.35,-0.27,26.58,0.15,70.88,0.4
323,Entry Long,buy,2023-11-13 12:40,40.48,443,-48.73,-0.27,7903.35,-0.27,26.58,0.15,70.88,0.4
322,Exit Long,Close entry(s) order buy,2023-11-13 12:35,40.48,443,13.29,0.07,7952.08,0.07,119.61,0.67,48.73,0.27
322,Entry Long,buy,2023-11-13 11:20,40.45,443,13.29,0.07,7952.08,0.07,119.61,0.67,48.73,0.27
321,Exit Long,Close entry(s) order buy,2023-11-13 10:35,40.27,445,356.00,2.03,7938.79,2.02,605.20,3.45,35.60,0.2
321,Entry Long,buy,2023-11-10 11:35,39.47,445,356.00,2.03,7938.79,2.02,605.20,3.45,35.60,0.2
320,Exit Long,Close entry(s) order buy,2023-11-09 13:35,39.17,448,120.96,0.69,7582.79,0.69,143.36,0.82,138.88,0.8
320,Entry Long,buy,2023-11-09 13:05,38.90,448,120.96,0.69,7582.79,0.69,143.36,0.82,138.88,0.8
319,Exit Long,Close entry(s) order buy,2023-11-09 12:35,39.31,444,106.56,0.61,7461.83,0.61,279.72,1.61,0,0
319,Entry Long,buy,2023-11-09 10:50,39.07,444,106.56,0.61,7461.83,0.61,279.72,1.61,0,0
318,Exit Long,Close entry(s) order buy,2023-11-09 10:35,38.96,445,-106.80,-0.61,7355.27,-0.61,155.75,0.89,133.50,0.77
318,Entry Long,buy,2023-11-08 15:45,39.20,445,-106.80,-0.61,7355.27,-0.61,155.75,0.89,133.50,0.77
317,Exit Long,Close entry(s) order buy,2023-11-08 15:35,38.99,447,8.94,0.05,7462.07,0.05,98.34,0.56,26.82,0.15
317,Entry Long,buy,2023-11-08 13:35,38.97,447,8.94,0.05,7462.07,0.05,98.34,0.56,26.82,0.15
316,Exit Long,Close entry(s) order buy,2023-11-08 10:35,38.93,448,-17.92,-0.1,7453.13,-0.1,94.08,0.54,62.72,0.36
316,Entry Long,buy,2023-11-08 10:05,38.97,448,-17.92,-0.1,7453.13,-0.1,94.08,0.54,62.72,0.36
315,Exit Long,Close entry(s) order buy,2023-11-08 09:40,39.36,443,13.29,0.08,7471.05,0.08,39.87,0.23,172.77,0.99
315,Entry Long,buy,2023-11-07 15:40,39.33,443,13.29,0.08,7471.05,0.08,39.87,0.23,172.77,0.99
314,Exit Long,Close entry(s) order buy,2023-11-07 15:35,39.28,444,137.64,0.8,7457.76,0.79,177.60,1.03,22.20,0.13
314,Entry Long,buy,2023-11-07 12:50,38.97,444,137.64,0.8,7457.76,0.79,177.60,1.03,22.20,0.13
313,Exit Long,Close entry(s) order buy,2023-11-07 12:35,38.92,444,475.08,2.83,7320.12,2.82,643.80,3.83,48.84,0.29
313,Entry Long,buy,2023-11-06 15:35,37.85,444,475.08,2.83,7320.12,2.82,643.80,3.83,48.84,0.29
312,Exit Long,Close entry(s) order buy,2023-11-06 13:35,37.47,449,-121.23,-0.72,6845.04,-0.71,13.47,0.08,188.58,1.11
312,Entry Long,buy,2023-11-06 13:05,37.74,449,-121.23,-0.72,6845.04,-0.71,13.47,0.08,188.58,1.11
311,Exit Long,Close entry(s) order buy,2023-11-06 12:35,37.81,448,-17.92,-0.11,6966.27,-0.11,120.96,0.71,80.64,0.48
311,Entry Long,buy,2023-11-06 09:50,37.85,448,-17.92,-0.11,6966.27,-0.11,120.96,0.71,80.64,0.48
310,Exit Long,Close entry(s) order buy,2023-11-03 15:35,37.70,450,-58.50,-0.34,6984.19,-0.34,67.50,0.4,76.50,0.45
310,Entry Long,buy,2023-11-03 14:40,37.83,450,-58.50,-0.34,6984.19,-0.34,67.50,0.4,76.50,0.45
309,Exit Long,Close entry(s) order buy,2023-11-03 14:35,37.78,451,72.16,0.43,7042.69,0.43,90.20,0.53,58.63,0.35
309,Entry Long,buy,2023-11-03 13:40,37.62,451,72.16,0.43,7042.69,0.43,90.20,0.53,58.63,0.35
308,Exit Long,Close entry(s) order buy,2023-11-03 13:35,37.62,450,135.00,0.8,6970.53,0.8,184.50,1.1,27.00,0.16
308,Entry Long,buy,2023-11-03 11:40,37.32,450,135.00,0.8,6970.53,0.8,184.50,1.1,27.00,0.16
307,Exit Long,Close entry(s) order buy,2023-11-03 11:35,37.32,451,135.30,0.81,6835.53,0.81,207.46,1.24,139.81,0.84
307,Entry Long,buy,2023-11-03 09:45,37.02,451,135.30,0.81,6835.53,0.81,207.46,1.24,139.81,0.84
306,Exit Long,Close entry(s) order buy,2023-11-03 09:40,36.65,455,127.40,0.77,6700.23,0.77,250.25,1.51,50.05,0.3
306,Entry Long,buy,2023-11-02 15:40,36.37,455,127.40,0.77,6700.23,0.77,250.25,1.51,50.05,0.3
305,Exit Long,Close entry(s) order buy,2023-11-02 15:35,36.29,456,4.56,0.03,6572.83,0.03,41.04,0.25,22.80,0.14
305,Entry Long,buy,2023-11-02 14:40,36.28,456,4.56,0.03,6572.83,0.03,41.04,0.25,22.80,0.14
304,Exit Long,Close entry(s) order buy,2023-11-02 14:35,36.24,457,4.57,0.03,6568.27,0.03,41.13,0.25,36.56,0.22
304,Entry Long,buy,2023-11-02 13:40,36.23,457,4.57,0.03,6568.27,0.03,41.13,0.25,36.56,0.22
303,Exit Long,Close entry(s) order buy,2023-11-02 13:35,36.23,457,95.97,0.58,6563.70,0.58,100.54,0.61,41.13,0.25
303,Entry Long,buy,2023-11-02 12:40,36.02,457,95.97,0.58,6563.70,0.58,100.54,0.61,41.13,0.25
302,Exit Long,Close entry(s) order buy,2023-11-02 12:35,35.92,458,-36.64,-0.22,6467.73,-0.22,18.32,0.11,100.76,0.61
302,Entry Long,buy,2023-11-02 11:40,36.00,458,-36.64,-0.22,6467.73,-0.22,18.32,0.11,100.76,0.61
301,Exit Long,Close entry(s) order buy,2023-11-02 11:35,35.95,459,1046.52,6.77,6504.37,6.77,1124.55,7.28,192.78,1.25
301,Entry Long,buy,2023-11-01 14:40,33.67,459,1046.52,6.77,6504.37,6.77,1124.55,7.28,192.78,1.25
300,Exit Long,Close entry(s) order buy,2023-11-01 14:35,33.96,455,209.30,1.37,5457.85,1.37,222.95,1.46,68.25,0.45
300,Entry Long,buy,2023-11-01 13:40,33.50,455,209.30,1.37,5457.85,1.37,222.95,1.46,68.25,0.45
299,Exit Long,Close entry(s) order buy,2023-11-01 13:35,33.42,456,-4.56,-0.03,5248.55,-0.03,100.32,0.66,68.40,0.45
299,Entry Long,buy,2023-11-01 12:40,33.43,456,-4.56,-0.03,5248.55,-0.03,100.32,0.66,68.40,0.45
298,Exit Long,Close entry(s) order buy,2023-11-01 12:35,33.56,454,-22.70,-0.15,5253.11,-0.15,27.24,0.18,81.72,0.54
298,Entry Long,buy,2023-11-01 11:55,33.61,454,-22.70,-0.15,5253.11,-0.15,27.24,0.18,81.72,0.54
297,Exit Long,Close entry(s) order buy,2023-11-01 11:35,33.43,457,118.82,0.78,5275.81,0.78,319.90,2.11,45.70,0.3
297,Entry Long,buy,2023-11-01 09:40,33.17,457,118.82,0.78,5275.81,0.78,319.90,2.11,45.70,0.3
296,Exit Long,Close entry(s) order buy,2023-10-19 14:35,36.01,420,-96.60,-0.63,5156.99,-0.63,474.60,3.12,113.40,0.75
296,Entry Long,buy,2023-10-19 12:35,36.24,420,-96.60,-0.63,5156.99,-0.63,474.60,3.12,113.40,0.75
295,Exit Long,Close entry(s) order buy,2023-10-18 10:35,37.48,406,-235.48,-1.52,5253.59,-1.52,109.62,0.71,263.90,1.71
295,Entry Long,buy,2023-10-17 15:40,38.06,406,-235.48,-1.52,5253.59,-1.52,109.62,0.71,263.90,1.71
294,Exit Long,Close entry(s) order buy,2023-10-17 15:35,38.01,407,-93.61,-0.6,5489.07,-0.6,0,0,170.94,1.1
294,Entry Long,buy,2023-10-17 14:50,38.24,407,-93.61,-0.6,5489.07,-0.6,0,0,170.94,1.1
293,Exit Long,Close entry(s) order buy,2023-10-17 13:35,38.36,406,-28.42,-0.18,5582.68,-0.18,154.28,0.99,85.26,0.55
293,Entry Long,buy,2023-10-17 11:35,38.43,406,-28.42,-0.18,5582.68,-0.18,154.28,0.99,85.26,0.55
292,Exit Long,Close entry(s) order buy,2023-10-17 09:40,37.46,416,-520.00,-3.23,5611.10,-3.22,120.64,0.75,582.40,3.62
292,Entry Long,buy,2023-10-16 13:50,38.71,416,-520.00,-3.23,5611.10,-3.22,120.64,0.75,582.40,3.62
291,Exit Long,Close entry(s) order buy,2023-10-16 13:35,38.51,418,-121.22,-0.75,6131.10,-0.75,41.80,0.26,296.78,1.83
291,Entry Long,buy,2023-10-16 10:35,38.80,418,-121.22,-0.75,6131.10,-0.75,41.80,0.26,296.78,1.83
290,Exit Long,Close entry(s) order buy,2023-10-12 13:35,38.80,418,-29.26,-0.18,6252.32,-0.18,493.24,3.04,41.80,0.26
290,Entry Long,buy,2023-10-11 14:35,38.87,418,-29.26,-0.18,6252.32,-0.18,493.24,3.04,41.80,0.26
289,Exit Long,Close entry(s) order buy,2023-10-11 13:35,38.51,422,-84.40,-0.52,6281.58,-0.52,37.98,0.23,92.84,0.57
289,Entry Long,buy,2023-10-11 13:05,38.71,422,-84.40,-0.52,6281.58,-0.52,37.98,0.23,92.84,0.57
288,Exit Long,Close entry(s) order buy,2023-10-11 11:35,38.90,420,29.40,0.18,6365.98,0.18,226.80,1.39,33.60,0.21
288,Entry Long,buy,2023-10-11 10:05,38.83,420,29.40,0.18,6365.98,0.18,226.80,1.39,33.60,0.21
287,Exit Long,Close entry(s) order buy,2023-10-10 13:35,38.60,423,-249.57,-1.51,6336.58,-1.5,0,0,329.94,1.99
287,Entry Long,buy,2023-10-10 13:00,39.19,423,-249.57,-1.51,6336.58,-1.5,0,0,329.94,1.99
286,Exit Long,Close entry(s) order buy,2023-10-10 12:35,39.23,422,493.74,3.07,6586.15,3.07,548.60,3.42,42.20,0.26
286,Entry Long,buy,2023-10-10 09:45,38.06,422,493.74,3.07,6586.15,3.07,548.60,3.42,42.20,0.26
285,Exit Long,Close entry(s) order buy,2023-10-10 09:40,37.97,424,-16.96,-0.11,6092.41,-0.11,59.36,0.37,67.84,0.42
285,Entry Long,buy,2023-10-10 09:30,38.01,424,-16.96,-0.11,6092.41,-0.11,59.36,0.37,67.84,0.42
284,Exit Long,Close entry(s) order buy,2023-10-09 15:35,37.86,425,331.50,2.1,6109.37,2.1,429.25,2.72,93.50,0.59
284,Entry Long,buy,2023-10-09 12:35,37.08,425,331.50,2.1,6109.37,2.1,429.25,2.72,93.50,0.59
283,Exit Long,Close entry(s) order buy,2023-10-09 09:40,36.41,433,333.41,2.16,5777.87,2.16,887.65,5.75,51.96,0.34
283,Entry Long,buy,2023-10-06 10:35,35.64,433,333.41,2.16,5777.87,2.16,887.65,5.75,51.96,0.34
282,Exit Long,Close entry(s) order buy,2023-10-06 09:40,34.58,446,-370.18,-2.34,5444.46,-2.34,200.70,1.27,405.86,2.57
282,Entry Long,buy,2023-10-05 13:40,35.41,446,-370.18,-2.34,5444.46,-2.34,200.70,1.27,405.86,2.57
281,Exit Long,Close entry(s) order buy,2023-10-05 13:35,35.23,449,26.94,0.17,5814.64,0.17,40.41,0.26,121.23,0.77
281,Entry Long,buy,2023-10-05 12:35,35.17,449,26.94,0.17,5814.64,0.17,40.41,0.26,121.23,0.77
280,Exit Long,Close entry(s) order buy,2023-10-05 10:35,34.99,451,-193.93,-1.21,5787.70,-1.21,347.27,2.17,266.09,1.67
280,Entry Long,buy,2023-10-04 13:50,35.42,451,-193.93,-1.21,5787.70,-1.21,347.27,2.17,266.09,1.67
279,Exit Long,Close entry(s) order buy,2023-10-04 13:35,35.38,451,72.16,0.45,5981.63,0.45,261.58,1.65,175.89,1.11
279,Entry Long,buy,2023-10-04 10:40,35.22,451,72.16,0.45,5981.63,0.45,261.58,1.65,175.89,1.11
278,Exit Long,Close entry(s) order buy,2023-10-03 10:35,35.07,453,-280.86,-1.74,5909.47,-1.73,362.40,2.24,366.93,2.27
278,Entry Long,buy,2023-10-02 15:05,35.69,453,-280.86,-1.74,5909.47,-1.73,362.40,2.24,366.93,2.27
277,Exit Long,Close entry(s) order buy,2023-10-02 14:35,35.81,451,-63.14,-0.39,6190.33,-0.39,144.32,0.89,144.32,0.89
277,Entry Long,buy,2023-10-02 12:40,35.95,451,-63.14,-0.39,6190.33,-0.39,144.32,0.89,144.32,0.89
276,Exit Long,Close entry(s) order buy,2023-10-02 12:35,35.96,452,-126.56,-0.77,6253.47,-0.77,298.32,1.82,216.96,1.32
276,Entry Long,buy,2023-10-02 09:40,36.24,452,-126.56,-0.77,6253.47,-0.77,298.32,1.82,216.96,1.32
275,Exit Long,Close entry(s) order buy,2023-09-15 09:40,41.10,398,-358.20,-2.14,6380.03,-2.14,95.52,0.57,366.16,2.19
275,Entry Long,buy,2023-09-14 14:50,42.00,398,-358.20,-2.14,6380.03,-2.14,95.52,0.57,366.16,2.19
274,Exit Long,Close entry(s) order buy,2023-09-14 14:35,41.90,399,11.97,0.07,6738.23,0.07,127.68,0.76,43.89,0.26
274,Entry Long,buy,2023-09-14 12:40,41.87,399,11.97,0.07,6738.23,0.07,127.68,0.76,43.89,0.26
273,Exit Long,Close entry(s) order buy,2023-09-14 12:35,41.88,399,231.42,1.4,6726.26,1.4,323.19,1.96,199.50,1.21
273,Entry Long,buy,2023-09-14 09:35,41.30,399,231.42,1.4,6726.26,1.4,323.19,1.96,199.50,1.21
272,Exit Long,Close entry(s) order buy,2023-09-13 14:35,41.16,400,-24.00,-0.15,6494.84,-0.15,104.00,0.63,148.00,0.9
272,Entry Long,buy,2023-09-13 11:35,41.22,400,-24.00,-0.15,6494.84,-0.15,104.00,0.63,148.00,0.9
271,Exit Long,Close entry(s) order buy,2023-09-12 14:35,40.84,404,-214.12,-1.28,6518.84,-1.28,16.16,0.1,270.68,1.62
271,Entry Long,buy,2023-09-12 13:35,41.37,404,-214.12,-1.28,6518.84,-1.28,16.16,0.1,270.68,1.62
270,Exit Long,Close entry(s) order buy,2023-09-12 09:40,41.51,402,-213.06,-1.26,6732.96,-1.26,12.06,0.07,329.64,1.95
270,Entry Long,buy,2023-09-11 15:40,42.04,402,-213.06,-1.26,6732.96,-1.26,12.06,0.07,329.64,1.95
269,Exit Long,Close entry(s) order buy,2023-09-11 15:35,42.07,402,361.80,2.19,6946.02,2.18,365.82,2.21,12.06,0.07
269,Entry Long,buy,2023-09-11 12:40,41.17,402,361.80,2.19,6946.02,2.18,365.82,2.21,12.06,0.07
268,Exit Long,Close entry(s) order buy,2023-09-11 12:35,41.23,402,-8.04,-0.05,6584.22,-0.05,32.16,0.19,92.46,0.56
268,Entry Long,buy,2023-09-11 11:40,41.25,402,-8.04,-0.05,6584.22,-0.05,32.16,0.19,92.46,0.56
267,Exit Long,Close entry(s) order buy,2023-09-11 11:35,41.24,402,-132.66,-0.79,6592.26,-0.79,36.18,0.22,289.44,1.73
267,Entry Long,buy,2023-09-11 09:35,41.57,402,-132.66,-0.79,6592.26,-0.79,36.18,0.22,289.44,1.73
266,Exit Long,Close entry(s) order buy,2023-09-08 14:35,40.41,413,-132.16,-0.79,6724.92,-0.78,49.56,0.29,148.68,0.88
266,Entry Long,buy,2023-09-08 13:40,40.73,413,-132.16,-0.79,6724.92,-0.78,49.56,0.29,148.68,0.88
265,Exit Long,Close entry(s) order buy,2023-09-08 13:35,40.70,414,20.70,0.12,6857.08,0.12,66.24,0.39,49.68,0.3
265,Entry Long,buy,2023-09-08 13:05,40.65,414,20.70,0.12,6857.08,0.12,66.24,0.39,49.68,0.3
264,Exit Long,Close entry(s) order buy,2023-09-08 12:35,40.75,413,177.59,1.07,6836.38,1.07,379.96,2.28,45.43,0.27
264,Entry Long,buy,2023-09-07 14:50,40.32,413,177.59,1.07,6836.38,1.07,379.96,2.28,45.43,0.27
263,Exit Long,Close entry(s) order buy,2023-09-06 09:40,41.90,397,-317.60,-1.87,6658.79,-1.87,0,0,353.33,2.08
263,Entry Long,buy,2023-09-05 15:45,42.70,397,-317.60,-1.87,6658.79,-1.87,0,0,353.33,2.08
262,Exit Long,Close entry(s) order buy,2023-09-05 15:35,42.57,398,27.86,0.16,6976.39,0.16,127.36,0.75,35.82,0.21
262,Entry Long,buy,2023-09-05 13:45,42.50,398,27.86,0.16,6976.39,0.16,127.36,0.75,35.82,0.21
261,Exit Long,Close entry(s) order buy,2023-09-05 13:35,42.37,399,19.95,0.12,6948.53,0.12,123.69,0.73,67.83,0.4
261,Entry Long,buy,2023-09-05 11:35,42.32,399,19.95,0.12,6948.53,0.12,123.69,0.73,67.83,0.4
260,Exit Long,Close entry(s) order buy,2023-09-01 11:35,42.15,401,-88.22,-0.52,6928.58,-0.52,108.27,0.64,156.39,0.92
260,Entry Long,buy,2023-09-01 10:35,42.37,401,-88.22,-0.52,6928.58,-0.52,108.27,0.64,156.39,0.92
259,Exit Long,Close entry(s) order buy,2023-09-01 09:40,42.57,399,-63.84,-0.37,7016.80,-0.37,251.37,1.47,147.63,0.87
259,Entry Long,buy,2023-08-31 15:40,42.73,399,-63.84,-0.37,7016.80,-0.37,251.37,1.47,147.63,0.87
258,Exit Long,Close entry(s) order buy,2023-08-31 15:35,42.70,400,8.00,0.05,7080.64,0.05,84.00,0.49,96.00,0.56
258,Entry Long,buy,2023-08-31 13:35,42.68,400,8.00,0.05,7080.64,0.05,84.00,0.49,96.00,0.56
257,Exit Long,Close entry(s) order buy,2023-08-31 12:35,42.39,402,-84.42,-0.49,7072.64,-0.49,72.36,0.42,136.68,0.8
257,Entry Long,buy,2023-08-31 11:50,42.60,402,-84.42,-0.49,7072.64,-0.49,72.36,0.42,136.68,0.8
256,Exit Long,Close entry(s) order buy,2023-08-31 11:35,42.47,404,36.36,0.21,7157.06,0.21,242.40,1.42,72.72,0.42
256,Entry Long,buy,2023-08-31 09:45,42.38,404,36.36,0.21,7157.06,0.21,242.40,1.42,72.72,0.42
255,Exit Long,Close entry(s) order buy,2023-08-31 09:40,42.47,403,96.72,0.57,7120.70,0.57,128.96,0.76,124.93,0.73
255,Entry Long,buy,2023-08-30 15:05,42.23,403,96.72,0.57,7120.70,0.57,128.96,0.76,124.93,0.73
254,Exit Long,Close entry(s) order buy,2023-08-30 14:35,41.91,406,-113.68,-0.66,7023.98,-0.66,0,0,198.94,1.16
254,Entry Long,buy,2023-08-30 13:40,42.19,406,-113.68,-0.66,7023.98,-0.66,0,0,198.94,1.16
253,Exit Long,Close entry(s) order buy,2023-08-30 13:35,42.19,406,81.20,0.48,7137.66,0.48,117.74,0.69,48.72,0.29
253,Entry Long,buy,2023-08-30 11:50,41.99,406,81.20,0.48,7137.66,0.48,117.74,0.69,48.72,0.29
252,Exit Long,Close entry(s) order buy,2023-08-30 10:35,41.67,409,118.61,0.7,7056.46,0.7,319.02,1.88,118.61,0.7
252,Entry Long,buy,2023-08-30 09:45,41.38,409,118.61,0.7,7056.46,0.7,319.02,1.88,118.61,0.7
251,Exit Long,Close entry(s) order buy,2023-08-30 09:40,41.49,408,97.92,0.58,6937.85,0.58,171.36,1.02,28.56,0.17
251,Entry Long,buy,2023-08-29 14:40,41.25,408,97.92,0.58,6937.85,0.58,171.36,1.02,28.56,0.17
250,Exit Long,Close entry(s) order buy,2023-08-29 14:35,41.28,407,24.42,0.15,6839.93,0.15,32.56,0.19,105.82,0.63
250,Entry Long,buy,2023-08-29 13:40,41.22,407,24.42,0.15,6839.93,0.15,32.56,0.19,105.82,0.63
249,Exit Long,Close entry(s) order buy,2023-08-29 13:35,41.18,408,44.88,0.27,6815.51,0.27,48.96,0.29,20.40,0.12
249,Entry Long,buy,2023-08-29 12:40,41.07,408,44.88,0.27,6815.51,0.27,48.96,0.29,20.40,0.12
248,Exit Long,Close entry(s) order buy,2023-08-29 12:35,41.15,407,16.28,0.1,6770.63,0.1,44.77,0.27,77.33,0.46
248,Entry Long,buy,2023-08-29 11:40,41.11,407,16.28,0.1,6770.63,0.1,44.77,0.27,77.33,0.46
247,Exit Long,Close entry(s) order buy,2023-08-29 11:35,41.00,408,1044.48,6.66,6754.35,6.65,1044.48,6.66,4.08,0.03
247,Entry Long,buy,2023-08-28 14:40,38.44,408,1044.48,6.66,6754.35,6.65,1044.48,6.66,4.08,0.03
246,Exit Long,Close entry(s) order buy,2023-08-28 14:35,38.37,409,-24.54,-0.16,5709.87,-0.16,233.13,1.48,94.07,0.6
246,Entry Long,buy,2023-08-28 12:40,38.43,409,-24.54,-0.16,5709.87,-0.16,233.13,1.48,94.07,0.6
245,Exit Long,Close entry(s) order buy,2023-08-28 12:35,38.27,411,-78.09,-0.49,5734.41,-0.49,8.22,0.05,152.07,0.96
245,Entry Long,buy,2023-08-28 11:40,38.46,411,-78.09,-0.49,5734.41,-0.49,8.22,0.05,152.07,0.96
244,Exit Long,Close entry(s) order buy,2023-08-28 11:35,38.42,411,123.30,0.79,5812.50,0.79,427.44,2.73,110.97,0.71
244,Entry Long,buy,2023-08-25 14:35,38.12,411,123.30,0.79,5812.50,0.79,427.44,2.73,110.97,0.71
243,Exit Long,Close entry(s) order buy,2023-08-24 10:35,38.74,405,-437.40,-2.71,5689.20,-2.71,105.30,0.65,477.90,2.96
243,Entry Long,buy,2023-08-24 09:50,39.82,405,-437.40,-2.71,5689.20,-2.71,105.30,0.65,477.90,2.96
242,Exit Long,Close entry(s) order buy,2023-08-24 09:40,40.10,402,44.22,0.28,6126.60,0.27,365.82,2.28,120.60,0.75
242,Entry Long,buy,2023-08-23 15:40,39.99,402,44.22,0.28,6126.60,0.27,365.82,2.28,120.60,0.75
241,Exit Long,Close entry(s) order buy,2023-08-23 15:35,39.97,402,12.06,0.08,6082.38,0.08,36.18,0.23,12.06,0.08
241,Entry Long,buy,2023-08-23 15:05,39.94,402,12.06,0.08,6082.38,0.08,36.18,0.23,12.06,0.08
240,Exit Long,Close entry(s) order buy,2023-08-23 14:35,39.82,403,32.24,0.2,6070.32,0.2,153.14,0.96,60.45,0.38
240,Entry Long,buy,2023-08-23 12:40,39.74,403,32.24,0.2,6070.32,0.2,153.14,0.96,60.45,0.38
239,Exit Long,Close entry(s) order buy,2023-08-23 12:35,39.65,404,262.60,1.67,6038.08,1.66,339.36,2.15,32.32,0.21
239,Entry Long,buy,2023-08-23 10:05,39.00,404,262.60,1.67,6038.08,1.66,339.36,2.15,32.32,0.21
238,Exit Long,Close entry(s) order buy,2023-08-22 15:35,37.93,415,-99.60,-0.63,5775.48,-0.63,78.85,0.5,116.20,0.73
238,Entry Long,buy,2023-08-22 14:35,38.17,415,-99.60,-0.63,5775.48,-0.63,78.85,0.5,116.20,0.73
237,Exit Long,Close entry(s) order buy,2023-08-22 12:35,37.93,418,-167.20,-1.04,5875.08,-1.04,25.08,0.16,234.08,1.46
237,Entry Long,buy,2023-08-22 11:40,38.33,418,-167.20,-1.04,5875.08,-1.04,25.08,0.16,234.08,1.46
236,Exit Long,Close entry(s) order buy,2023-08-22 11:35,38.49,416,-45.76,-0.28,6042.28,-0.28,24.96,0.16,108.16,0.67
236,Entry Long,buy,2023-08-22 11:05,38.60,416,-45.76,-0.28,6042.28,-0.28,24.96,0.16,108.16,0.67
235,Exit Long,Close entry(s) order buy,2023-08-22 10:35,38.10,422,-198.34,-1.22,6088.04,-1.22,63.30,0.39,219.44,1.35
235,Entry Long,buy,2023-08-22 09:40,38.57,422,-198.34,-1.22,6088.04,-1.22,63.30,0.39,219.44,1.35
234,Exit Long,Close entry(s) order buy,2023-08-02 09:40,43.24,376,-639.20,-3.78,6286.38,-3.78,105.28,0.62,721.92,4.27
234,Entry Long,buy,2023-08-01 13:35,44.94,376,-639.20,-3.78,6286.38,-3.78,105.28,0.62,721.92,4.27
233,Exit Long,Close entry(s) order buy,2023-08-01 12:35,44.84,377,-33.93,-0.2,6925.58,-0.2,49.01,0.29,109.33,0.65
233,Entry Long,buy,2023-08-01 11:35,44.93,377,-33.93,-0.2,6925.58,-0.2,49.01,0.29,109.33,0.65
232,Exit Long,Close entry(s) order buy,2023-08-01 10:35,44.75,378,-37.80,-0.22,6959.51,-0.22,185.22,1.09,241.92,1.43
232,Entry Long,buy,2023-07-31 15:50,44.85,378,-37.80,-0.22,6959.51,-0.22,185.22,1.09,241.92,1.43
231,Exit Long,Close entry(s) order buy,2023-07-31 15:35,44.97,377,-26.39,-0.16,6997.31,-0.16,98.02,0.58,33.93,0.2
231,Entry Long,buy,2023-07-31 14:40,45.04,377,-26.39,-0.16,6997.31,-0.16,98.02,0.58,33.93,0.2
230,Exit Long,Close entry(s) order buy,2023-07-31 14:35,45.09,377,-75.40,-0.44,7023.70,-0.44,0,0,113.10,0.66
230,Entry Long,buy,2023-07-31 13:40,45.29,377,-75.40,-0.44,7023.70,-0.44,0,0,113.10,0.66
229,Exit Long,Close entry(s) order buy,2023-07-31 13:35,45.15,378,-30.24,-0.18,7099.10,-0.18,41.58,0.24,124.74,0.73
229,Entry Long,buy,2023-07-31 11:45,45.23,378,-30.24,-0.18,7099.10,-0.18,41.58,0.24,124.74,0.73
228,Exit Long,Close entry(s) order buy,2023-07-31 11:35,45.14,379,-125.07,-0.73,7129.34,-0.72,90.96,0.53,227.40,1.32
228,Entry Long,buy,2023-07-31 09:40,45.47,379,-125.07,-0.73,7129.34,-0.72,90.96,0.53,227.40,1.32
227,Exit Long,Close entry(s) order buy,2023-07-27 13:35,44.22,390,425.10,2.53,7254.41,2.53,998.40,5.94,70.20,0.42
227,Entry Long,buy,2023-07-26 15:40,43.13,390,425.10,2.53,7254.41,2.53,998.40,5.94,70.20,0.42
226,Exit Long,Close entry(s) order buy,2023-07-20 09:40,45.46,370,-333.00,-1.94,6829.31,-1.94,18.50,0.11,455.10,2.65
226,Entry Long,buy,2023-07-19 15:35,46.36,370,-333.00,-1.94,6829.31,-1.94,18.50,0.11,455.10,2.65
225,Exit Long,Close entry(s) order buy,2023-07-19 12:35,46.49,369,-36.90,-0.21,7162.31,-0.21,202.95,1.18,154.98,0.9
225,Entry Long,buy,2023-07-19 09:50,46.59,369,-36.90,-0.21,7162.31,-0.21,202.95,1.18,154.98,0.9
224,Exit Long,Close entry(s) order buy,2023-07-18 15:35,46.62,369,361.62,2.15,7199.21,2.15,442.80,2.63,66.42,0.39
224,Entry Long,buy,2023-07-18 12:05,45.64,369,361.62,2.15,7199.21,2.15,442.80,2.63,66.42,0.39
223,Exit Long,Close entry(s) order buy,2023-07-18 09:40,44.53,378,-102.06,-0.6,6837.59,-0.6,287.28,1.7,120.96,0.71
223,Entry Long,buy,2023-07-17 12:55,44.80,378,-102.06,-0.6,6837.59,-0.6,287.28,1.7,120.96,0.71
222,Exit Long,Close entry(s) order buy,2023-07-17 12:35,44.59,379,18.95,0.11,6939.65,0.11,162.97,0.97,68.22,0.4
222,Entry Long,buy,2023-07-17 10:35,44.54,379,18.95,0.11,6939.65,0.11,162.97,0.97,68.22,0.4
221,Exit Long,Close entry(s) order buy,2023-07-14 12:35,44.75,378,-128.52,-0.75,6920.70,-0.75,0,0,192.78,1.13
221,Entry Long,buy,2023-07-14 11:40,45.09,378,-128.52,-0.75,6920.70,-0.75,0,0,192.78,1.13
220,Exit Long,Close entry(s) order buy,2023-07-14 11:35,45.03,378,154.98,0.92,7049.22,0.92,279.72,1.66,52.92,0.31
220,Entry Long,buy,2023-07-14 09:45,44.62,378,154.98,0.92,7049.22,0.92,279.72,1.66,52.92,0.31
219,Exit Long,Close entry(s) order buy,2023-07-14 09:40,44.80,377,377.00,2.28,6894.24,2.28,392.08,2.37,11.31,0.07
219,Entry Long,buy,2023-07-13 14:40,43.80,377,377.00,2.28,6894.24,2.28,392.08,2.37,11.31,0.07
218,Exit Long,Close entry(s) order buy,2023-07-13 14:35,43.79,377,173.42,1.06,6517.24,1.06,218.66,1.34,7.54,0.05
218,Entry Long,buy,2023-07-13 11:40,43.33,377,173.42,1.06,6517.24,1.06,218.66,1.34,7.54,0.05
217,Exit Long,Close entry(s) order buy,2023-07-13 11:35,43.17,378,-34.02,-0.21,6343.82,-0.21,49.14,0.3,139.86,0.86
217,Entry Long,buy,2023-07-13 09:45,43.26,378,-34.02,-0.21,6343.82,-0.21,49.14,0.3,139.86,0.86
216,Exit Long,Close entry(s) order buy,2023-07-13 09:40,43.24,378,449.82,2.83,6377.84,2.82,480.06,3.02,68.04,0.43
216,Entry Long,buy,2023-07-12 15:40,42.05,378,449.82,2.83,6377.84,2.82,480.06,3.02,68.04,0.43
215,Exit Long,Close entry(s) order buy,2023-07-12 15:35,42.04,378,75.60,0.48,5928.02,0.48,139.86,0.88,34.02,0.22
215,Entry Long,buy,2023-07-12 13:20,41.84,378,75.60,0.48,5928.02,0.48,139.86,0.88,34.02,0.22
214,Exit Long,Close entry(s) order buy,2023-07-12 11:35,41.90,378,752.22,4.99,5852.42,4.98,952.56,6.31,11.34,0.08
214,Entry Long,buy,2023-07-11 14:45,39.91,378,752.22,4.99,5852.42,4.98,952.56,6.31,11.34,0.08
213,Exit Long,Close entry(s) order buy,2023-07-11 14:35,39.76,379,-75.80,-0.5,5100.20,-0.5,166.76,1.1,90.96,0.6
213,Entry Long,buy,2023-07-11 10:40,39.96,379,-75.80,-0.5,5100.20,-0.5,166.76,1.1,90.96,0.6
212,Exit Long,Close entry(s) order buy,2023-07-11 10:35,39.82,381,64.77,0.43,5176.00,0.43,232.41,1.54,133.35,0.88
212,Entry Long,buy,2023-07-10 15:45,39.65,381,64.77,0.43,5176.00,0.43,232.41,1.54,133.35,0.88
211,Exit Long,Close entry(s) order buy,2023-07-10 15:35,39.71,380,15.20,0.1,5111.23,0.1,98.80,0.66,76.00,0.5
211,Entry Long,buy,2023-07-10 13:35,39.67,380,15.20,0.1,5111.23,0.1,98.80,0.66,76.00,0.5
210,Exit Long,Close entry(s) order buy,2023-07-07 14:35,40.88,369,191.88,1.29,5096.03,1.29,332.10,2.23,11.07,0.07
210,Entry Long,buy,2023-07-07 11:35,40.36,369,191.88,1.29,5096.03,1.29,332.10,2.23,11.07,0.07
209,Exit Long,Close entry(s) order buy,2023-07-07 10:35,39.90,373,-186.50,-1.24,4904.15,-1.24,85.79,0.57,205.15,1.36
209,Entry Long,buy,2023-07-07 09:50,40.40,373,-186.50,-1.24,4904.15,-1.24,85.79,0.57,205.15,1.36
208,Exit Long,Close entry(s) order buy,2023-07-06 09:40,39.84,378,-582.12,-3.72,5090.65,-3.71,49.14,0.31,672.84,4.3
208,Entry Long,buy,2023-07-05 15:05,41.38,378,-582.12,-3.72,5090.65,-3.71,49.14,0.31,672.84,4.3
207,Exit Long,Close entry(s) order buy,2023-07-05 14:35,41.18,380,-64.60,-0.41,5672.77,-0.41,49.40,0.31,140.60,0.89
207,Entry Long,buy,2023-07-05 13:20,41.35,380,-64.60,-0.41,5672.77,-0.41,49.40,0.31,140.60,0.89
206,Exit Long,Close entry(s) order buy,2023-07-05 12:35,41.25,381,-26.67,-0.17,5737.37,-0.17,26.67,0.17,87.63,0.56
206,Entry Long,buy,2023-07-05 11:55,41.32,381,-26.67,-0.17,5737.37,-0.17,26.67,0.17,87.63,0.56
205,Exit Long,Close entry(s) order buy,2023-07-05 11:35,41.33,381,80.01,0.51,5764.04,0.51,270.51,1.73,156.21,1
205,Entry Long,buy,2023-07-03 12:35,41.12,381,80.01,0.51,5764.04,0.51,270.51,1.73,156.21,1
204,Exit Long,Close entry(s) order buy,2023-07-03 11:35,40.94,383,-172.35,-1.09,5684.03,-1.09,38.30,0.24,206.82,1.3
204,Entry Long,buy,2023-07-03 09:50,41.39,383,-172.35,-1.09,5684.03,-1.09,38.30,0.24,206.82,1.3
203,Exit Long,Close entry(s) order buy,2023-06-26 09:40,39.09,405,-4.05,-0.03,5856.38,-0.03,24.30,0.15,166.05,1.05
203,Entry Long,buy,2023-06-23 15:50,39.10,405,-4.05,-0.03,5856.38,-0.03,24.30,0.15,166.05,1.05
202,Exit Long,Close entry(s) order buy,2023-06-23 14:35,39.30,403,-20.15,-0.13,5860.43,-0.13,141.05,0.89,48.36,0.3
202,Entry Long,buy,2023-06-23 12:35,39.35,403,-20.15,-0.13,5860.43,-0.13,141.05,0.89,48.36,0.3
201,Exit Long,Close entry(s) order buy,2023-06-21 15:35,39.02,406,-243.60,-1.51,5880.58,-1.51,0,0,251.72,1.56
201,Entry Long,buy,2023-06-21 14:35,39.62,406,-243.60,-1.51,5880.58,-1.51,0,0,251.72,1.56
200,Exit Long,Close entry(s) order buy,2023-06-16 13:35,41.58,387,-89.01,-0.55,6124.18,-0.55,46.44,0.29,100.62,0.62
200,Entry Long,buy,2023-06-16 12:35,41.81,387,-89.01,-0.55,6124.18,-0.55,46.44,0.29,100.62,0.62
199,Exit Long,Close entry(s) order buy,2023-06-16 11:35,41.39,391,-78.20,-0.48,6213.19,-0.48,140.76,0.87,152.49,0.94
199,Entry Long,buy,2023-06-16 10:20,41.59,391,-78.20,-0.48,6213.19,-0.48,140.76,0.87,152.49,0.94
198,Exit Long,Close entry(s) order buy,2023-06-16 09:40,41.73,390,830.70,5.38,6291.39,5.37,1107.60,7.17,23.40,0.15
198,Entry Long,buy,2023-06-15 09:35,39.60,390,830.70,5.38,6291.39,5.37,1107.60,7.17,23.40,0.15
197,Exit Long,Close entry(s) order buy,2023-06-14 13:35,39.75,388,-89.24,-0.58,5460.69,-0.57,15.52,0.1,174.60,1.13
197,Entry Long,buy,2023-06-14 12:40,39.98,388,-89.24,-0.58,5460.69,-0.57,15.52,0.1,174.60,1.13
196,Exit Long,Close entry(s) order buy,2023-06-14 12:35,39.98,388,325.92,2.15,5549.93,2.14,450.08,2.96,46.56,0.31
196,Entry Long,buy,2023-06-13 15:35,39.14,388,325.92,2.15,5549.93,2.14,450.08,2.96,46.56,0.31
195,Exit Long,Close entry(s) order buy,2023-06-13 14:35,38.85,391,-187.68,-1.22,5224.01,-1.22,46.92,0.31,238.51,1.55
195,Entry Long,buy,2023-06-13 13:40,39.33,391,-187.68,-1.22,5224.01,-1.22,46.92,0.31,238.51,1.55
194,Exit Long,Close entry(s) order buy,2023-06-13 13:35,39.39,391,54.74,0.36,5411.69,0.36,97.75,0.64,58.65,0.38
194,Entry Long,buy,2023-06-13 12:40,39.25,391,54.74,0.36,5411.69,0.36,97.75,0.64,58.65,0.38
193,Exit Long,Close entry(s) order buy,2023-06-13 12:35,39.16,392,623.28,4.23,5356.95,4.23,807.52,5.48,7.84,0.05
193,Entry Long,buy,2023-06-12 13:40,37.57,392,623.28,4.23,5356.95,4.23,807.52,5.48,7.84,0.05
192,Exit Long,Close entry(s) order buy,2023-06-12 13:35,37.53,392,43.12,0.29,4733.67,0.29,70.56,0.48,31.36,0.21
192,Entry Long,buy,2023-06-12 11:40,37.42,392,43.12,0.29,4733.67,0.29,70.56,0.48,31.36,0.21
191,Exit Long,Close entry(s) order buy,2023-06-12 11:35,37.37,393,94.32,0.65,4690.55,0.65,94.32,0.65,110.04,0.75
191,Entry Long,buy,2023-06-12 09:45,37.13,393,94.32,0.65,4690.55,0.65,94.32,0.65,110.04,0.75
190,Exit Long,Close entry(s) order buy,2023-06-12 09:40,37.18,392,203.84,1.42,4596.23,1.42,235.20,1.64,62.72,0.44
190,Entry Long,buy,2023-06-09 15:40,36.66,392,203.84,1.42,4596.23,1.42,235.20,1.64,62.72,0.44
189,Exit Long,Close entry(s) order buy,2023-06-09 15:35,36.70,392,-50.96,-0.35,4392.39,-0.35,0,0,101.92,0.71
189,Entry Long,buy,2023-06-09 15:05,36.83,392,-50.96,-0.35,4392.39,-0.35,0,0,101.92,0.71
188,Exit Long,Close entry(s) order buy,2023-06-09 14:35,36.87,391,89.93,0.63,4443.35,0.63,168.13,1.17,11.73,0.08
188,Entry Long,buy,2023-06-09 13:20,36.64,391,89.93,0.63,4443.35,0.63,168.13,1.17,11.73,0.08
187,Exit Long,Close entry(s) order buy,2023-06-09 11:35,36.58,392,-156.80,-1.08,4353.42,-1.08,246.96,1.7,203.84,1.41
187,Entry Long,buy,2023-06-09 09:40,36.98,392,-156.80,-1.08,4353.42,-1.08,246.96,1.7,203.84,1.41
186,Exit Long,Close entry(s) order buy,2023-06-07 10:35,36.52,397,-393.03,-2.64,4510.22,-2.64,3.97,0.03,408.91,2.75
186,Entry Long,buy,2023-06-07 09:45,37.51,397,-393.03,-2.64,4510.22,-2.64,3.97,0.03,408.91,2.75
185,Exit Long,Close entry(s) order buy,2023-06-07 09:40,37.35,398,183.08,1.25,4903.25,1.24,266.66,1.82,79.60,0.54
185,Entry Long,buy,2023-06-06 15:35,36.89,398,183.08,1.25,4903.25,1.24,266.66,1.82,79.60,0.54
184,Exit Long,Close entry(s) order buy,2023-06-05 13:35,37.40,393,-58.95,-0.4,4720.17,-0.4,58.95,0.4,98.25,0.67
184,Entry Long,buy,2023-06-05 12:40,37.55,393,-58.95,-0.4,4720.17,-0.4,58.95,0.4,98.25,0.67
183,Exit Long,Close entry(s) order buy,2023-06-05 12:35,37.53,393,98.25,0.67,4779.12,0.67,157.20,1.07,176.85,1.21
183,Entry Long,buy,2023-06-05 09:45,37.28,393,98.25,0.67,4779.12,0.67,157.20,1.07,176.85,1.21
182,Exit Long,Close entry(s) order buy,2023-06-05 09:40,37.09,395,106.65,0.73,4680.87,0.73,134.30,0.92,31.60,0.22
182,Entry Long,buy,2023-06-02 15:45,36.82,395,106.65,0.73,4680.87,0.73,134.30,0.92,31.60,0.22
181,Exit Long,Close entry(s) order buy,2023-06-02 15:35,36.78,396,-47.52,-0.33,4574.22,-0.32,35.64,0.24,67.32,0.46
181,Entry Long,buy,2023-06-02 14:40,36.90,396,-47.52,-0.33,4574.22,-0.32,35.64,0.24,67.32,0.46
180,Exit Long,Close entry(s) order buy,2023-06-02 14:35,36.85,396,-15.84,-0.11,4621.74,-0.11,59.40,0.41,99.00,0.68
180,Entry Long,buy,2023-06-02 12:40,36.89,396,-15.84,-0.11,4621.74,-0.11,59.40,0.41,99.00,0.68
179,Exit Long,Close entry(s) order buy,2023-06-02 12:35,36.84,397,115.13,0.79,4637.58,0.79,186.59,1.29,214.38,1.48
179,Entry Long,buy,2023-06-02 09:50,36.55,397,115.13,0.79,4637.58,0.79,186.59,1.29,214.38,1.48
178,Exit Long,Close entry(s) order buy,2023-06-01 15:35,35.92,404,177.76,1.24,4522.45,1.24,383.80,2.68,40.40,0.28
178,Entry Long,buy,2023-06-01 11:35,35.48,404,177.76,1.24,4522.45,1.24,383.80,2.68,40.40,0.28
177,Exit Long,Close entry(s) order buy,2023-05-30 13:35,35.43,404,-117.16,-0.81,4344.69,-0.81,8.08,0.06,177.76,1.23
177,Entry Long,buy,2023-05-30 13:05,35.72,404,-117.16,-0.81,4344.69,-0.81,8.08,0.06,177.76,1.23
176,Exit Long,Close entry(s) order buy,2023-05-30 12:35,35.62,406,-174.58,-1.19,4461.85,-1.19,24.36,0.17,198.94,1.36
176,Entry Long,buy,2023-05-30 11:40,36.05,406,-174.58,-1.19,4461.85,-1.19,24.36,0.17,198.94,1.36
175,Exit Long,Close entry(s) order buy,2023-05-30 11:35,35.92,407,-158.73,-1.07,4636.43,-1.07,16.28,0.11,329.67,2.23
175,Entry Long,buy,2023-05-30 09:50,36.31,407,-158.73,-1.07,4636.43,-1.07,16.28,0.11,329.67,2.23
174,Exit Long,Close entry(s) order buy,2023-05-30 09:40,36.53,404,622.16,4.4,4795.16,4.39,626.20,4.43,16.16,0.11
174,Entry Long,buy,2023-05-26 15:40,34.99,404,622.16,4.4,4795.16,4.39,626.20,4.43,16.16,0.11
173,Exit Long,Close entry(s) order buy,2023-05-26 15:35,35.10,403,56.42,0.4,4173.00,0.4,116.87,0.83,16.12,0.11
173,Entry Long,buy,2023-05-26 14:40,34.96,403,56.42,0.4,4173.00,0.4,116.87,0.83,16.12,0.11
172,Exit Long,Close entry(s) order buy,2023-05-26 14:35,34.95,403,8.06,0.06,4116.58,0.06,24.18,0.17,80.60,0.57
172,Entry Long,buy,2023-05-26 13:40,34.93,403,8.06,0.06,4116.58,0.06,24.18,0.17,80.60,0.57
171,Exit Long,Close entry(s) order buy,2023-05-26 13:35,34.93,403,173.29,1.25,4108.52,1.24,209.56,1.51,12.09,0.09
171,Entry Long,buy,2023-05-26 11:40,34.50,403,173.29,1.25,4108.52,1.24,209.56,1.51,12.09,0.09
170,Exit Long,Close entry(s) order buy,2023-05-26 11:35,34.46,404,444.40,3.3,3935.23,3.29,480.76,3.57,0,0
170,Entry Long,buy,2023-05-26 09:50,33.36,404,444.40,3.3,3935.23,3.29,480.76,3.57,0,0
169,Exit Long,Close entry(s) order buy,2023-05-26 09:40,33.15,406,166.46,1.25,3490.83,1.25,174.58,1.31,97.44,0.73
169,Entry Long,buy,2023-05-25 15:40,32.74,406,166.46,1.25,3490.83,1.25,174.58,1.31,97.44,0.73
168,Exit Long,Close entry(s) order buy,2023-05-25 15:35,32.71,407,24.42,0.18,3324.37,0.18,73.26,0.55,8.14,0.06
168,Entry Long,buy,2023-05-25 15:20,32.65,407,24.42,0.18,3324.37,0.18,73.26,0.55,8.14,0.06
167,Exit Long,Close entry(s) order buy,2023-05-25 14:35,32.49,409,-44.99,-0.34,3299.95,-0.34,110.43,0.83,69.53,0.52
167,Entry Long,buy,2023-05-25 13:40,32.60,409,-44.99,-0.34,3299.95,-0.34,110.43,0.83,69.53,0.52
166,Exit Long,Close entry(s) order buy,2023-05-25 13:35,32.63,409,24.54,0.18,3344.94,0.18,49.08,0.37,49.08,0.37
166,Entry Long,buy,2023-05-25 12:40,32.57,409,24.54,0.18,3344.94,0.18,49.08,0.37,49.08,0.37
165,Exit Long,Close entry(s) order buy,2023-05-25 12:35,32.47,410,196.80,1.5,3320.40,1.5,282.90,2.16,127.10,0.97
165,Entry Long,buy,2023-05-25 09:45,31.99,410,196.80,1.5,3320.40,1.5,282.90,2.16,127.10,0.97
164,Exit Long,Close entry(s) order buy,2023-05-25 09:40,31.82,412,494.40,3.92,3123.60,3.91,745.72,5.91,148.32,1.18
164,Entry Long,buy,2023-05-24 15:35,30.62,412,494.40,3.92,3123.60,3.91,745.72,5.91,148.32,1.18
163,Exit Long,Close entry(s) order buy,2023-05-23 10:35,31.72,398,0,0,2629.20,0,71.64,0.57,39.80,0.32
163,Entry Long,buy,2023-05-23 09:35,31.72,398,0,0,2629.20,0,71.64,0.57,39.80,0.32
162,Exit Long,Close entry(s) order buy,2023-05-22 15:35,32.02,394,0,0,2629.20,0,118.20,0.94,70.92,0.56
162,Entry Long,buy,2023-05-22 13:05,32.02,394,0,0,2629.20,0,118.20,0.94,70.92,0.56
161,Exit Long,Close entry(s) order buy,2023-05-22 12:35,31.90,395,-43.45,-0.34,2629.20,-0.34,134.30,1.06,90.85,0.72
161,Entry Long,buy,2023-05-22 09:40,32.01,395,-43.45,-0.34,2629.20,-0.34,134.30,1.06,90.85,0.72
160,Exit Long,Close entry(s) order buy,2023-05-19 14:35,31.54,401,-96.24,-0.76,2672.65,-0.75,32.08,0.25,132.33,1.04
160,Entry Long,buy,2023-05-19 13:20,31.78,401,-96.24,-0.76,2672.65,-0.75,32.08,0.25,132.33,1.04
159,Exit Long,Close entry(s) order buy,2023-05-19 11:35,31.68,402,-136.68,-1.06,2768.89,-1.06,4.02,0.03,168.84,1.31
159,Entry Long,buy,2023-05-19 10:40,32.02,402,-136.68,-1.06,2768.89,-1.06,4.02,0.03,168.84,1.31
158,Exit Long,Close entry(s) order buy,2023-05-19 10:35,32.09,402,249.24,1.97,2905.57,1.97,309.54,2.45,24.12,0.19
158,Entry Long,buy,2023-05-18 14:50,31.47,402,249.24,1.97,2905.57,1.97,309.54,2.45,24.12,0.19
157,Exit Long,Close entry(s) order buy,2023-05-18 14:35,31.34,403,8.06,0.06,2656.33,0.06,128.96,1.02,96.72,0.77
157,Entry Long,buy,2023-05-18 13:00,31.32,403,8.06,0.06,2656.33,0.06,128.96,1.02,96.72,0.77
156,Exit Long,Close entry(s) order buy,2023-05-18 12:35,31.32,403,237.77,1.92,2648.27,1.92,407.03,3.29,28.21,0.23
156,Entry Long,buy,2023-05-18 09:45,30.73,403,237.77,1.92,2648.27,1.92,407.03,3.29,28.21,0.23
155,Exit Long,Close entry(s) order buy,2023-05-18 09:40,30.75,403,169.26,1.38,2410.50,1.38,173.29,1.42,20.15,0.16
155,Entry Long,buy,2023-05-17 15:45,30.33,403,169.26,1.38,2410.50,1.38,173.29,1.42,20.15,0.16
154,Exit Long,Close entry(s) order buy,2023-05-17 15:35,30.27,404,-52.52,-0.43,2241.24,-0.43,16.16,0.13,56.56,0.46
154,Entry Long,buy,2023-05-17 15:15,30.40,404,-52.52,-0.43,2241.24,-0.43,16.16,0.13,56.56,0.46
153,Exit Long,Close entry(s) order buy,2023-05-17 14:35,30.30,405,271.35,2.26,2293.76,2.26,344.25,2.87,85.05,0.71
153,Entry Long,buy,2023-05-17 11:05,29.63,405,271.35,2.26,2293.76,2.26,344.25,2.87,85.05,0.71
152,Exit Long,Close entry(s) order buy,2023-05-17 09:40,29.55,406,-32.48,-0.27,2022.41,-0.27,8.12,0.07,146.16,1.21
152,Entry Long,buy,2023-05-16 15:05,29.63,406,-32.48,-0.27,2022.41,-0.27,8.12,0.07,146.16,1.21
151,Exit Long,Close entry(s) order buy,2023-05-16 14:35,29.49,408,-65.28,-0.54,2054.89,-0.54,20.40,0.17,85.68,0.71
151,Entry Long,buy,2023-05-16 13:55,29.65,408,-65.28,-0.54,2054.89,-0.54,20.40,0.17,85.68,0.71
150,Exit Long,Close entry(s) order buy,2023-05-16 13:35,29.62,409,-32.72,-0.27,2120.17,-0.27,12.27,0.1,61.35,0.51
150,Entry Long,buy,2023-05-16 12:40,29.70,409,-32.72,-0.27,2120.17,-0.27,12.27,0.1,61.35,0.51
149,Exit Long,Close entry(s) order buy,2023-05-16 12:35,29.65,409,392.64,3.35,2152.89,3.34,413.09,3.52,24.54,0.21
149,Entry Long,buy,2023-05-15 10:40,28.69,409,392.64,3.35,2152.89,3.34,413.09,3.52,24.54,0.21
148,Exit Long,Close entry(s) order buy,2023-05-15 10:35,28.64,410,-28.70,-0.24,1760.25,-0.24,82.00,0.7,114.80,0.98
148,Entry Long,buy,2023-05-15 09:40,28.71,410,-28.70,-0.24,1760.25,-0.24,82.00,0.7,114.80,0.98
147,Exit Long,Close entry(s) order buy,2023-05-12 10:35,28.68,411,-213.72,-1.78,1788.95,-1.78,4.11,0.03,213.72,1.78
147,Entry Long,buy,2023-05-12 09:45,29.20,411,-213.72,-1.78,1788.95,-1.78,4.11,0.03,213.72,1.78
146,Exit Long,Close entry(s) order buy,2023-05-12 09:40,29.17,411,45.21,0.38,2002.67,0.38,98.64,0.83,49.32,0.41
146,Entry Long,buy,2023-05-11 14:40,29.06,411,45.21,0.38,2002.67,0.38,98.64,0.83,49.32,0.41
145,Exit Long,Close entry(s) order buy,2023-05-11 14:35,28.99,412,-20.60,-0.17,1957.46,-0.17,0,0,140.08,1.17
145,Entry Long,buy,2023-05-11 13:40,29.04,412,-20.60,-0.17,1957.46,-0.17,0,0,140.08,1.17
144,Exit Long,Close entry(s) order buy,2023-05-11 13:35,28.99,413,-24.78,-0.21,1978.06,-0.21,28.91,0.24,61.95,0.52
144,Entry Long,buy,2023-05-11 12:40,29.05,413,-24.78,-0.21,1978.06,-0.21,28.91,0.24,61.95,0.52
143,Exit Long,Close entry(s) order buy,2023-05-11 12:35,29.01,413,156.94,1.33,2002.84,1.32,185.85,1.57,53.69,0.45
143,Entry Long,buy,2023-05-11 10:20,28.63,413,156.94,1.33,2002.84,1.32,185.85,1.57,53.69,0.45
142,Exit Long,Close entry(s) order buy,2023-05-11 09:40,28.69,413,82.60,0.7,1845.90,0.7,218.89,1.86,4.13,0.04
142,Entry Long,buy,2023-05-10 14:35,28.49,413,82.60,0.7,1845.90,0.7,218.89,1.86,4.13,0.04
141,Exit Long,Close entry(s) order buy,2023-05-10 13:35,27.98,420,-222.60,-1.86,1763.30,-1.86,12.60,0.11,256.20,2.14
141,Entry Long,buy,2023-05-10 12:40,28.51,420,-222.60,-1.86,1763.30,-1.86,12.60,0.11,256.20,2.14
140,Exit Long,Close entry(s) order buy,2023-05-10 12:35,28.46,421,-138.93,-1.15,1985.90,-1.15,4.21,0.03,290.49,2.4
140,Entry Long,buy,2023-05-10 10:35,28.79,421,-138.93,-1.15,1985.90,-1.15,4.21,0.03,290.49,2.4
139,Exit Long,Close entry(s) order buy,2023-05-09 15:35,27.91,434,-60.76,-0.5,2124.83,-0.5,8.68,0.07,91.14,0.75
139,Entry Long,buy,2023-05-09 14:05,28.05,434,-60.76,-0.5,2124.83,-0.5,8.68,0.07,91.14,0.75
138,Exit Long,Close entry(s) order buy,2023-05-09 09:40,28.01,435,-200.10,-1.62,2185.59,-1.62,13.05,0.11,226.20,1.83
138,Entry Long,buy,2023-05-08 15:50,28.47,435,-200.10,-1.62,2185.59,-1.62,13.05,0.11,226.20,1.83
137,Exit Long,Close entry(s) order buy,2023-05-08 15:35,28.38,436,-4.36,-0.04,2385.69,-0.04,61.04,0.49,21.80,0.18
137,Entry Long,buy,2023-05-08 14:40,28.39,436,-4.36,-0.04,2385.69,-0.04,61.04,0.49,21.80,0.18
136,Exit Long,Close entry(s) order buy,2023-05-08 14:35,28.40,436,113.36,0.92,2390.05,0.92,135.16,1.1,74.12,0.6
136,Entry Long,buy,2023-05-08 11:20,28.14,436,113.36,0.92,2390.05,0.92,135.16,1.1,74.12,0.6
135,Exit Long,Close entry(s) order buy,2023-05-05 15:35,28.35,432,233.28,1.94,2276.69,1.94,280.80,2.34,34.56,0.29
135,Entry Long,buy,2023-05-05 12:40,27.81,432,233.28,1.94,2276.69,1.94,280.80,2.34,34.56,0.29
134,Exit Long,Close entry(s) order buy,2023-05-05 12:35,27.82,432,4.32,0.04,2043.41,0.04,60.48,0.5,30.24,0.25
134,Entry Long,buy,2023-05-05 10:35,27.81,432,4.32,0.04,2043.41,0.04,60.48,0.5,30.24,0.25
133,Exit Long,Close entry(s) order buy,2023-05-05 09:40,27.26,441,224.91,1.91,2039.09,1.9,229.32,1.94,101.43,0.86
133,Entry Long,buy,2023-05-04 15:35,26.75,441,224.91,1.91,2039.09,1.9,229.32,1.94,101.43,0.86
132,Exit Long,Close entry(s) order buy,2023-05-04 14:35,26.65,443,-186.06,-1.55,1814.18,-1.55,0,0,234.79,1.96
132,Entry Long,buy,2023-05-04 13:35,27.07,443,-186.06,-1.55,1814.18,-1.55,0,0,234.79,1.96
131,Exit Long,Close entry(s) order buy,2023-05-03 15:35,27.01,444,-182.04,-1.5,2000.24,-1.49,346.32,2.84,239.76,1.97
131,Entry Long,buy,2023-05-03 11:45,27.42,444,-182.04,-1.5,2000.24,-1.49,346.32,2.84,239.76,1.97
130,Exit Long,Close entry(s) order buy,2023-05-03 11:35,27.40,444,-44.40,-0.36,2182.28,-0.36,66.60,0.55,62.16,0.51
130,Entry Long,buy,2023-05-03 10:40,27.50,444,-44.40,-0.36,2182.28,-0.36,66.60,0.55,62.16,0.51
129,Exit Long,Close entry(s) order buy,2023-05-01 14:35,28.09,435,-34.80,-0.28,2226.68,-0.28,156.60,1.28,39.15,0.32
129,Entry Long,buy,2023-05-01 12:05,28.17,435,-34.80,-0.28,2226.68,-0.28,156.60,1.28,39.15,0.32
128,Exit Long,Close entry(s) order buy,2023-05-01 11:35,27.96,438,-105.12,-0.85,2261.48,-0.85,61.32,0.5,144.54,1.17
128,Entry Long,buy,2023-05-01 10:55,28.20,438,-105.12,-0.85,2261.48,-0.85,61.32,0.5,144.54,1.17
127,Exit Long,Close entry(s) order buy,2023-05-01 10:35,28.10,440,-8.80,-0.07,2366.60,-0.07,88.00,0.71,57.20,0.46
127,Entry Long,buy,2023-04-28 15:45,28.12,440,-8.80,-0.07,2366.60,-0.07,88.00,0.71,57.20,0.46
126,Exit Long,Close entry(s) order buy,2023-04-28 15:35,27.98,442,8.84,0.07,2375.40,0.07,97.24,0.79,26.52,0.21
126,Entry Long,buy,2023-04-28 14:40,27.96,442,8.84,0.07,2375.40,0.07,97.24,0.79,26.52,0.21
125,Exit Long,Close entry(s) order buy,2023-04-28 14:35,27.99,441,57.33,0.47,2366.56,0.47,105.84,0.86,57.33,0.47
125,Entry Long,buy,2023-04-28 12:05,27.86,441,57.33,0.47,2366.56,0.47,105.84,0.86,57.33,0.47
124,Exit Long,Close entry(s) order buy,2023-04-28 11:35,27.71,444,-111.00,-0.89,2309.23,-0.89,57.72,0.46,248.64,2
124,Entry Long,buy,2023-04-28 10:20,27.96,444,-111.00,-0.89,2309.23,-0.89,57.72,0.46,248.64,2
123,Exit Long,Close entry(s) order buy,2023-04-25 10:35,25.96,478,-339.38,-2.66,2420.23,-2.66,28.68,0.22,339.38,2.66
123,Entry Long,buy,2023-04-24 15:40,26.67,478,-339.38,-2.66,2420.23,-2.66,28.68,0.22,339.38,2.66
122,Exit Long,Close entry(s) order buy,2023-04-24 15:35,26.70,478,109.94,0.87,2759.61,0.87,138.62,1.1,9.56,0.08
122,Entry Long,buy,2023-04-24 13:35,26.47,478,109.94,0.87,2759.61,0.87,138.62,1.1,9.56,0.08
121,Exit Long,Close entry(s) order buy,2023-04-24 11:35,26.36,479,-201.18,-1.57,2649.67,-1.57,182.02,1.42,229.92,1.79
121,Entry Long,buy,2023-04-21 15:40,26.78,479,-201.18,-1.57,2649.67,-1.57,182.02,1.42,229.92,1.79
120,Exit Long,Close entry(s) order buy,2023-04-21 15:35,26.83,479,0,0,2850.85,0,124.54,0.97,67.06,0.52
120,Entry Long,buy,2023-04-21 13:35,26.83,479,0,0,2850.85,0,124.54,0.97,67.06,0.52
119,Exit Long,Close entry(s) order buy,2023-04-20 14:35,26.94,477,-176.49,-1.35,2850.85,-1.35,128.79,0.99,195.57,1.5
119,Entry Long,buy,2023-04-20 12:35,27.31,477,-176.49,-1.35,2850.85,-1.35,128.79,0.99,195.57,1.5
118,Exit Long,Close entry(s) order buy,2023-04-20 09:40,26.88,484,-324.28,-2.43,3027.34,-2.43,14.52,0.11,445.28,3.34
118,Entry Long,buy,2023-04-19 15:40,27.55,484,-324.28,-2.43,3027.34,-2.43,14.52,0.11,445.28,3.34
117,Exit Long,Close entry(s) order buy,2023-04-19 15:35,27.57,484,0,0,3351.62,0,53.24,0.4,19.36,0.15
117,Entry Long,buy,2023-04-19 14:45,27.57,484,0,0,3351.62,0,53.24,0.4,19.36,0.15
116,Exit Long,Close entry(s) order buy,2023-04-19 14:35,27.52,484,154.88,1.18,3351.62,1.17,261.36,1.99,0,0
116,Entry Long,buy,2023-04-19 11:35,27.20,484,154.88,1.18,3351.62,1.17,261.36,1.99,0,0
115,Exit Long,Close entry(s) order buy,2023-04-19 10:35,27.08,487,-165.58,-1.24,3196.74,-1.24,77.92,0.58,282.46,2.12
115,Entry Long,buy,2023-04-18 15:40,27.42,487,-165.58,-1.24,3196.74,-1.24,77.92,0.58,282.46,2.12
114,Exit Long,Close entry(s) order buy,2023-04-18 15:35,27.45,486,-14.58,-0.11,3362.32,-0.11,43.74,0.33,136.08,1.02
114,Entry Long,buy,2023-04-18 13:40,27.48,486,-14.58,-0.11,3362.32,-0.11,43.74,0.33,136.08,1.02
113,Exit Long,Close entry(s) order buy,2023-04-18 13:35,27.45,487,-29.22,-0.22,3376.90,-0.22,43.83,0.33,112.01,0.84
113,Entry Long,buy,2023-04-18 11:20,27.51,487,-29.22,-0.22,3376.90,-0.22,43.83,0.33,112.01,0.84
112,Exit Long,Close entry(s) order buy,2023-04-18 10:35,27.33,490,132.30,1,3406.12,1,543.90,4.1,0,0
112,Entry Long,buy,2023-04-17 14:40,27.06,490,132.30,1,3406.12,1,543.90,4.1,0,0
111,Exit Long,Close entry(s) order buy,2023-04-17 14:35,27.03,490,-29.40,-0.22,3273.82,-0.22,19.60,0.15,93.10,0.7
111,Entry Long,buy,2023-04-17 13:35,27.09,490,-29.40,-0.22,3273.82,-0.22,19.60,0.15,93.10,0.7
110,Exit Long,Close entry(s) order buy,2023-04-17 10:35,27.28,487,-53.57,-0.4,3303.22,-0.4,107.14,0.8,102.27,0.77
110,Entry Long,buy,2023-04-14 15:40,27.39,487,-53.57,-0.4,3303.22,-0.4,107.14,0.8,102.27,0.77
109,Exit Long,Close entry(s) order buy,2023-04-14 15:35,27.32,488,-19.52,-0.15,3356.79,-0.15,19.52,0.15,156.16,1.17
109,Entry Long,buy,2023-04-14 14:35,27.36,488,-19.52,-0.15,3356.79,-0.15,19.52,0.15,156.16,1.17
108,Exit Long,Close entry(s) order buy,2023-04-14 10:35,27.19,491,-265.14,-1.95,3376.31,-1.94,98.20,0.72,299.51,2.2
108,Entry Long,buy,2023-04-14 09:50,27.73,491,-265.14,-1.95,3376.31,-1.94,98.20,0.72,299.51,2.2
107,Exit Long,Close entry(s) order buy,2023-04-12 14:35,26.38,517,-237.82,-1.71,3641.45,-1.71,103.40,0.75,263.67,1.9
107,Entry Long,buy,2023-04-12 12:35,26.84,517,-237.82,-1.71,3641.45,-1.71,103.40,0.75,263.67,1.9
106,Exit Long,Close entry(s) order buy,2023-04-12 11:35,26.52,523,-156.90,-1.12,3879.27,-1.12,20.92,0.15,303.34,2.16
106,Entry Long,buy,2023-04-12 10:35,26.82,523,-156.90,-1.12,3879.27,-1.12,20.92,0.15,303.34,2.16
105,Exit Long,Close entry(s) order buy,2023-04-12 09:40,27.21,515,154.50,1.11,4036.17,1.11,298.70,2.16,87.55,0.63
105,Entry Long,buy,2023-04-11 12:05,26.91,515,154.50,1.11,4036.17,1.11,298.70,2.16,87.55,0.63
104,Exit Long,Close entry(s) order buy,2023-04-11 11:35,26.84,517,-15.51,-0.11,3881.67,-0.11,46.53,0.33,77.55,0.56
104,Entry Long,buy,2023-04-11 10:40,26.87,517,-15.51,-0.11,3881.67,-0.11,46.53,0.33,77.55,0.56
103,Exit Long,Close entry(s) order buy,2023-04-11 10:35,26.90,516,-170.28,-1.21,3897.18,-1.21,77.40,0.55,227.04,1.62
103,Entry Long,buy,2023-04-10 15:45,27.23,516,-170.28,-1.21,3897.18,-1.21,77.40,0.55,227.04,1.62
102,Exit Long,Close entry(s) order buy,2023-04-10 15:35,27.21,516,-5.16,-0.04,4067.46,-0.04,82.56,0.59,46.44,0.33
102,Entry Long,buy,2023-04-10 14:40,27.22,516,-5.16,-0.04,4067.46,-0.04,82.56,0.59,46.44,0.33
101,Exit Long,Close entry(s) order buy,2023-04-10 14:35,27.25,516,87.72,0.63,4072.62,0.63,118.68,0.85,15.48,0.11
101,Entry Long,buy,2023-04-10 13:05,27.08,516,87.72,0.63,4072.62,0.63,118.68,0.85,15.48,0.11
100,Exit Long,Close entry(s) order buy,2023-04-10 09:40,26.42,529,-560.74,-3.86,3984.90,-3.86,10.58,0.07,603.06,4.15
100,Entry Long,buy,2023-04-06 15:40,27.48,529,-560.74,-3.86,3984.90,-3.86,10.58,0.07,603.06,4.15
99,Exit Long,Close entry(s) order buy,2023-04-06 15:35,27.51,528,348.48,2.46,4545.64,2.45,369.60,2.61,10.56,0.07
99,Entry Long,buy,2023-04-06 11:35,26.85,528,348.48,2.46,4545.64,2.45,369.60,2.61,10.56,0.07
98,Exit Long,Close entry(s) order buy,2023-04-06 10:35,26.63,533,42.64,0.3,4197.16,0.3,63.96,0.45,26.65,0.19
98,Entry Long,buy,2023-04-06 10:20,26.55,533,42.64,0.3,4197.16,0.3,63.96,0.45,26.65,0.19
97,Exit Long,Close entry(s) order buy,2023-04-04 14:35,27.62,512,-128.00,-0.9,4154.52,-0.9,35.84,0.25,163.84,1.15
97,Entry Long,buy,2023-04-04 13:35,27.87,512,-128.00,-0.9,4154.52,-0.9,35.84,0.25,163.84,1.15
96,Exit Long,Close entry(s) order buy,2023-04-04 11:35,27.85,513,-61.56,-0.43,4282.52,-0.43,235.98,1.64,159.03,1.11
96,Entry Long,buy,2023-04-03 15:35,27.97,513,-61.56,-0.43,4282.52,-0.43,235.98,1.64,159.03,1.11
95,Exit Long,Close entry(s) order buy,2023-04-03 09:40,27.90,514,20.56,0.14,4344.08,0.14,236.44,1.65,128.50,0.9
95,Entry Long,buy,2023-03-31 14:40,27.86,514,20.56,0.14,4344.08,0.14,236.44,1.65,128.50,0.9
94,Exit Long,Close entry(s) order buy,2023-03-31 14:35,27.86,514,-15.42,-0.11,4323.52,-0.11,30.84,0.22,51.40,0.36
94,Entry Long,buy,2023-03-31 14:05,27.89,514,-15.42,-0.11,4323.52,-0.11,30.84,0.22,51.40,0.36
93,Exit Long,Close entry(s) order buy,2023-03-31 13:35,27.74,516,258.00,1.84,4338.94,1.83,330.24,2.35,15.48,0.11
93,Entry Long,buy,2023-03-31 09:45,27.24,516,258.00,1.84,4338.94,1.83,330.24,2.35,15.48,0.11
92,Exit Long,Close entry(s) order buy,2023-03-31 09:40,27.17,518,108.78,0.78,4080.94,0.78,145.04,1.04,51.80,0.37
92,Entry Long,buy,2023-03-30 15:40,26.96,518,108.78,0.78,4080.94,0.78,145.04,1.04,51.80,0.37
91,Exit Long,Close entry(s) order buy,2023-03-30 15:35,26.91,519,25.95,0.19,3972.16,0.19,46.71,0.34,57.09,0.41
91,Entry Long,buy,2023-03-30 14:35,26.86,519,25.95,0.19,3972.16,0.19,46.71,0.34,57.09,0.41
90,Exit Long,Close entry(s) order buy,2023-03-30 13:35,26.65,523,-57.53,-0.41,3946.21,-0.41,36.61,0.26,73.22,0.52
90,Entry Long,buy,2023-03-30 13:20,26.76,523,-57.53,-0.41,3946.21,-0.41,36.61,0.26,73.22,0.52
89,Exit Long,Close entry(s) order buy,2023-03-30 12:35,26.78,522,-15.66,-0.11,4003.74,-0.11,57.42,0.41,31.32,0.22
89,Entry Long,buy,2023-03-30 11:50,26.81,522,-15.66,-0.11,4003.74,-0.11,57.42,0.41,31.32,0.22
88,Exit Long,Close entry(s) order buy,2023-03-30 11:35,26.87,521,453.27,3.35,4019.40,3.34,567.89,4.19,10.42,0.08
88,Entry Long,buy,2023-03-29 14:40,26.00,521,453.27,3.35,4019.40,3.34,567.89,4.19,10.42,0.08
87,Exit Long,Close entry(s) order buy,2023-03-29 14:35,25.98,522,52.20,0.39,3566.13,0.39,88.74,0.66,161.82,1.2
87,Entry Long,buy,2023-03-29 09:40,25.88,522,52.20,0.39,3566.13,0.39,88.74,0.66,161.82,1.2
86,Exit Long,Close entry(s) order buy,2023-03-28 09:40,24.70,547,-355.55,-2.56,3513.93,-2.56,180.51,1.3,366.49,2.64
86,Entry Long,buy,2023-03-27 13:35,25.35,547,-355.55,-2.56,3513.93,-2.56,180.51,1.3,366.49,2.64
85,Exit Long,Close entry(s) order buy,2023-03-27 11:35,25.55,542,81.30,0.59,3869.48,0.59,466.12,3.39,86.72,0.63
85,Entry Long,buy,2023-03-24 13:35,25.40,542,81.30,0.59,3869.48,0.59,466.12,3.39,86.72,0.63
84,Exit Long,Close entry(s) order buy,2023-03-23 13:35,25.93,531,-233.64,-1.67,3788.18,-1.67,53.10,0.38,281.43,2.01
84,Entry Long,buy,2023-03-23 11:35,26.37,531,-233.64,-1.67,3788.18,-1.67,53.10,0.38,281.43,2.01
83,Exit Long,Close entry(s) order buy,2023-03-22 15:35,25.85,542,48.78,0.35,4021.82,0.35,650.40,4.66,195.12,1.4
83,Entry Long,buy,2023-03-22 13:05,25.76,542,48.78,0.35,4021.82,0.35,650.40,4.66,195.12,1.4
82,Exit Long,Close entry(s) order buy,2023-03-22 12:35,25.80,541,-167.71,-1.19,3973.04,-1.19,21.64,0.15,205.58,1.46
82,Entry Long,buy,2023-03-22 11:40,26.11,541,-167.71,-1.19,3973.04,-1.19,21.64,0.15,205.58,1.46
81,Exit Long,Close entry(s) order buy,2023-03-22 11:35,26.06,543,86.88,0.62,4140.75,0.62,108.60,0.77,48.87,0.35
81,Entry Long,buy,2023-03-22 10:25,25.90,543,86.88,0.62,4140.75,0.62,108.60,0.77,48.87,0.35
80,Exit Long,Close entry(s) order buy,2023-03-22 09:40,25.76,545,632.20,4.72,4053.87,4.71,763.00,5.69,59.95,0.45
80,Entry Long,buy,2023-03-20 13:35,24.60,545,632.20,4.72,4053.87,4.71,763.00,5.69,59.95,0.45
79,Exit Long,Close entry(s) order buy,2023-03-20 12:35,24.33,551,-225.91,-1.66,3421.67,-1.66,16.53,0.12,358.15,2.63
79,Entry Long,buy,2023-03-20 11:35,24.74,551,-225.91,-1.66,3421.67,-1.66,16.53,0.12,358.15,2.63
78,Exit Long,Close entry(s) order buy,2023-03-20 09:40,24.27,562,-146.12,-1.06,3647.58,-1.06,78.68,0.57,275.38,2
78,Entry Long,buy,2023-03-17 15:35,24.53,562,-146.12,-1.06,3647.58,-1.06,78.68,0.57,275.38,2
77,Exit Long,Close entry(s) order buy,2023-03-17 14:35,24.41,564,-163.56,-1.17,3793.70,-1.17,22.56,0.16,219.96,1.58
77,Entry Long,buy,2023-03-17 14:05,24.70,564,-163.56,-1.17,3793.70,-1.17,22.56,0.16,219.96,1.58
76,Exit Long,Close entry(s) order buy,2023-03-17 10:35,24.57,568,-249.92,-1.76,3957.26,-1.76,284.00,2,266.96,1.88
76,Entry Long,buy,2023-03-17 09:45,25.01,568,-249.92,-1.76,3957.26,-1.76,284.00,2,266.96,1.88
75,Exit Long,Close entry(s) order buy,2023-03-17 09:40,25.18,563,270.24,1.94,4207.18,1.94,275.87,1.98,33.78,0.24
75,Entry Long,buy,2023-03-16 14:45,24.70,563,270.24,1.94,4207.18,1.94,275.87,1.98,33.78,0.24
74,Exit Long,Close entry(s) order buy,2023-03-16 14:35,24.52,568,-45.44,-0.33,3936.94,-0.32,45.44,0.33,68.16,0.49
74,Entry Long,buy,2023-03-16 13:50,24.60,568,-45.44,-0.33,3936.94,-0.32,45.44,0.33,68.16,0.49
73,Exit Long,Close entry(s) order buy,2023-03-16 13:35,24.58,569,876.26,6.68,3982.38,6.69,990.06,7.55,113.80,0.87
73,Entry Long,buy,2023-03-16 09:45,23.04,569,876.26,6.68,3982.38,6.69,990.06,7.55,113.80,0.87
72,Exit Long,Close entry(s) order buy,2023-03-16 09:40,22.98,570,450.30,3.56,3106.12,3.56,581.40,4.6,102.60,0.81
72,Entry Long,buy,2023-03-15 12:40,22.19,570,450.30,3.56,3106.12,3.56,581.40,4.6,102.60,0.81
71,Exit Long,Close entry(s) order buy,2023-03-15 12:35,22.27,568,22.72,0.18,2655.82,0.18,266.96,2.11,68.16,0.54
71,Entry Long,buy,2023-03-15 11:05,22.23,568,22.72,0.18,2655.82,0.18,266.96,2.11,68.16,0.54
70,Exit Long,Close entry(s) order buy,2023-03-15 10:35,21.95,575,-253.00,-1.97,2633.10,-1.96,80.50,0.63,253.00,1.97
70,Entry Long,buy,2023-03-15 09:35,22.39,575,-253.00,-1.97,2633.10,-1.96,80.50,0.63,253.00,1.97
69,Exit Long,Close entry(s) order buy,2023-03-14 13:35,22.43,574,-200.90,-1.54,2886.10,-1.54,34.44,0.26,315.70,2.41
69,Entry Long,buy,2023-03-14 12:40,22.78,574,-200.90,-1.54,2886.10,-1.54,34.44,0.26,315.70,2.41
68,Exit Long,Close entry(s) order buy,2023-03-14 12:35,22.76,574,-74.62,-0.57,3087.00,-0.57,11.48,0.09,149.24,1.14
68,Entry Long,buy,2023-03-14 11:40,22.89,574,-74.62,-0.57,3087.00,-0.57,11.48,0.09,149.24,1.14
67,Exit Long,Close entry(s) order buy,2023-03-14 11:35,22.82,577,230.80,1.78,3161.62,1.78,276.96,2.14,86.55,0.67
67,Entry Long,buy,2023-03-14 09:50,22.42,577,230.80,1.78,3161.62,1.78,276.96,2.14,86.55,0.67
66,Exit Long,Close entry(s) order buy,2023-03-10 12:35,21.58,599,-335.44,-2.53,2930.82,-2.53,5.99,0.05,497.17,3.75
66,Entry Long,buy,2023-03-10 11:35,22.14,599,-335.44,-2.53,2930.82,-2.53,5.99,0.05,497.17,3.75
65,Exit Long,Close entry(s) order buy,2023-03-09 13:35,22.54,588,-535.08,-3.88,3266.26,-3.88,11.76,0.09,535.08,3.88
65,Entry Long,buy,2023-03-09 11:50,23.45,588,-535.08,-3.88,3266.26,-3.88,11.76,0.09,535.08,3.88
64,Exit Long,Close entry(s) order buy,2023-03-09 11:35,23.37,591,295.50,2.19,3801.34,2.19,496.44,3.67,0,0
64,Entry Long,buy,2023-03-08 15:40,22.87,591,295.50,2.19,3801.34,2.19,496.44,3.67,0,0
63,Exit Long,Close entry(s) order buy,2023-03-08 15:35,22.72,594,-35.64,-0.26,3505.84,-0.26,65.34,0.48,95.04,0.7
63,Entry Long,buy,2023-03-08 14:35,22.78,594,-35.64,-0.26,3505.84,-0.26,65.34,0.48,95.04,0.7
62,Exit Long,Close entry(s) order buy,2023-03-08 13:35,22.63,598,-143.52,-1.05,3541.48,-1.05,11.96,0.09,185.38,1.36
62,Entry Long,buy,2023-03-08 12:45,22.87,598,-143.52,-1.05,3541.48,-1.05,11.96,0.09,185.38,1.36
61,Exit Long,Close entry(s) order buy,2023-03-06 12:35,24.19,565,-73.45,-0.53,3685.00,-0.53,28.25,0.21,73.45,0.53
61,Entry Long,buy,2023-03-06 12:00,24.32,565,-73.45,-0.53,3685.00,-0.53,28.25,0.21,73.45,0.53
60,Exit Long,Close entry(s) order buy,2023-03-06 11:35,24.31,565,497.20,3.76,3758.45,3.75,587.60,4.44,56.50,0.43
60,Entry Long,buy,2023-03-03 15:45,23.43,565,497.20,3.76,3758.45,3.75,587.60,4.44,56.50,0.43
59,Exit Long,Close entry(s) order buy,2023-03-03 15:35,23.44,565,28.25,0.21,3261.25,0.21,79.10,0.6,16.95,0.13
59,Entry Long,buy,2023-03-03 14:40,23.39,565,28.25,0.21,3261.25,0.21,79.10,0.6,16.95,0.13
58,Exit Long,Close entry(s) order buy,2023-03-03 14:35,23.43,564,118.44,0.9,3233.00,0.9,129.72,0.99,16.92,0.13
58,Entry Long,buy,2023-03-03 13:45,23.22,564,118.44,0.9,3233.00,0.9,129.72,0.99,16.92,0.13
57,Exit Long,Close entry(s) order buy,2023-03-03 13:35,23.18,566,90.56,0.7,3114.56,0.7,152.82,1.17,11.32,0.09
57,Entry Long,buy,2023-03-03 12:40,23.02,566,90.56,0.7,3114.56,0.7,152.82,1.17,11.32,0.09
56,Exit Long,Close entry(s) order buy,2023-03-03 12:35,22.99,566,101.88,0.79,3024.00,0.79,147.16,1.14,16.98,0.13
56,Entry Long,buy,2023-03-03 11:40,22.81,566,101.88,0.79,3024.00,0.79,147.16,1.14,16.98,0.13
55,Exit Long,Close entry(s) order buy,2023-03-03 11:35,22.84,566,209.42,1.65,2922.12,1.65,322.62,2.54,0,0
55,Entry Long,buy,2023-03-03 09:40,22.47,566,209.42,1.65,2922.12,1.65,322.62,2.54,0,0
54,Exit Long,Close entry(s) order buy,2023-02-16 15:35,24.68,514,-539.70,-4.08,2712.70,-4.07,5.14,0.04,580.82,4.39
54,Entry Long,buy,2023-02-16 14:05,25.73,514,-539.70,-4.08,2712.70,-4.07,5.14,0.04,580.82,4.39
53,Exit Long,Close entry(s) order buy,2023-02-16 13:35,25.55,518,-88.06,-0.66,3252.40,-0.66,72.52,0.54,202.02,1.52
53,Entry Long,buy,2023-02-16 11:05,25.72,518,-88.06,-0.66,3252.40,-0.66,72.52,0.54,202.02,1.52
52,Exit Long,Close entry(s) order buy,2023-02-16 10:35,25.46,524,-209.60,-1.55,3340.46,-1.55,125.76,0.93,623.56,4.6
52,Entry Long,buy,2023-02-15 15:40,25.86,524,-209.60,-1.55,3340.46,-1.55,125.76,0.93,623.56,4.6
51,Exit Long,Close entry(s) order buy,2023-02-15 15:35,25.85,523,214.43,1.61,3550.06,1.61,308.57,2.32,20.92,0.16
51,Entry Long,buy,2023-02-15 12:40,25.44,523,214.43,1.61,3550.06,1.61,308.57,2.32,20.92,0.16
50,Exit Long,Close entry(s) order buy,2023-02-15 12:35,25.50,523,115.06,0.87,3335.63,0.87,235.35,1.78,5.23,0.04
50,Entry Long,buy,2023-02-15 11:20,25.28,523,115.06,0.87,3335.63,0.87,235.35,1.78,5.23,0.04
49,Exit Long,Close entry(s) order buy,2023-02-15 10:35,25.33,522,151.38,1.16,3220.57,1.16,172.26,1.32,93.96,0.72
49,Entry Long,buy,2023-02-15 09:55,25.04,522,151.38,1.16,3220.57,1.16,172.26,1.32,93.96,0.72
48,Exit Long,Close entry(s) order buy,2023-02-15 09:40,25.20,518,-119.14,-0.9,3069.19,-0.9,129.50,0.98,212.38,1.61
48,Entry Long,buy,2023-02-14 14:40,25.43,518,-119.14,-0.9,3069.19,-0.9,129.50,0.98,212.38,1.61
47,Exit Long,Close entry(s) order buy,2023-02-14 14:35,25.41,519,119.37,0.91,3188.33,0.91,129.75,0.99,129.75,0.99
47,Entry Long,buy,2023-02-14 13:05,25.18,519,119.37,0.91,3188.33,0.91,129.75,0.99,129.75,0.99
46,Exit Long,Close entry(s) order buy,2023-02-14 11:35,24.36,536,-605.68,-4.43,3068.96,-4.43,128.64,0.94,659.28,4.83
46,Entry Long,buy,2023-02-14 10:05,25.49,536,-605.68,-4.43,3068.96,-4.43,128.64,0.94,659.28,4.83
45,Exit Long,Close entry(s) order buy,2023-02-09 13:35,25.03,546,-141.96,-1.03,3674.64,-1.03,70.98,0.51,300.30,2.17
45,Entry Long,buy,2023-02-09 11:45,25.29,546,-141.96,-1.03,3674.64,-1.03,70.98,0.51,300.30,2.17
44,Exit Long,Close entry(s) order buy,2023-02-09 11:35,25.15,549,-373.32,-2.63,3816.60,-2.63,71.37,0.5,389.79,2.75
44,Entry Long,buy,2023-02-09 09:40,25.83,549,-373.32,-2.63,3816.60,-2.63,71.37,0.5,389.79,2.75
43,Exit Long,Close entry(s) order buy,2023-02-08 15:35,24.91,570,-171.00,-1.19,4189.92,-1.19,5.70,0.04,222.30,1.55
43,Entry Long,buy,2023-02-08 14:40,25.21,570,-171.00,-1.19,4189.92,-1.19,5.70,0.04,222.30,1.55
42,Exit Long,Close entry(s) order buy,2023-02-08 14:35,25.16,570,5.70,0.04,4360.92,0.04,119.70,0.83,39.90,0.28
42,Entry Long,buy,2023-02-08 14:05,25.15,570,5.70,0.04,4360.92,0.04,119.70,0.83,39.90,0.28
41,Exit Long,Close entry(s) order buy,2023-02-08 13:35,25.09,572,-40.04,-0.28,4355.22,-0.28,183.04,1.27,85.80,0.6
41,Entry Long,buy,2023-02-08 12:35,25.16,572,-40.04,-0.28,4355.22,-0.28,183.04,1.27,85.80,0.6
40,Exit Long,Close entry(s) order buy,2023-02-08 10:35,25.42,566,56.60,0.39,4395.26,0.39,769.76,5.37,435.82,3.04
40,Entry Long,buy,2023-02-07 11:35,25.32,566,56.60,0.39,4395.26,0.39,769.76,5.37,435.82,3.04
39,Exit Long,Close entry(s) order buy,2023-02-02 14:35,26.52,540,-183.60,-1.27,4338.66,-1.26,318.60,2.2,205.20,1.41
39,Entry Long,buy,2023-02-02 12:40,26.86,540,-183.60,-1.27,4338.66,-1.26,318.60,2.2,205.20,1.41
38,Exit Long,Close entry(s) order buy,2023-02-02 12:35,26.88,540,91.80,0.64,4522.26,0.64,91.80,0.64,124.20,0.86
38,Entry Long,buy,2023-02-02 11:40,26.71,540,91.80,0.64,4522.26,0.64,91.80,0.64,124.20,0.86
37,Exit Long,Close entry(s) order buy,2023-02-02 11:35,26.83,538,2211.18,18.09,4430.46,18.1,2238.08,18.31,193.68,1.58
37,Entry Long,buy,2023-02-01 12:40,22.72,538,2211.18,18.09,4430.46,18.1,2238.08,18.31,193.68,1.58
36,Exit Long,Close entry(s) order buy,2023-02-01 12:35,22.70,538,-59.18,-0.48,2219.28,-0.48,21.52,0.18,107.60,0.88
36,Entry Long,buy,2023-02-01 11:40,22.81,538,-59.18,-0.48,2219.28,-0.48,21.52,0.18,107.60,0.88
35,Exit Long,Close entry(s) order buy,2023-02-01 11:35,22.82,538,-10.76,-0.09,2278.46,-0.09,32.28,0.26,188.30,1.53
35,Entry Long,buy,2023-02-01 10:40,22.84,538,-10.76,-0.09,2278.46,-0.09,32.28,0.26,188.30,1.53
34,Exit Long,Close entry(s) order buy,2023-02-01 10:35,22.88,537,155.73,1.28,2289.22,1.28,187.95,1.55,0,0
34,Entry Long,buy,2023-01-31 15:50,22.59,537,155.73,1.28,2289.22,1.28,187.95,1.55,0,0
33,Exit Long,Close entry(s) order buy,2023-01-31 15:35,22.56,537,26.85,0.22,2133.49,0.22,123.51,1.02,112.77,0.93
33,Entry Long,buy,2023-01-31 11:35,22.51,537,26.85,0.22,2133.49,0.22,123.51,1.02,112.77,0.93
32,Exit Long,Close entry(s) order buy,2023-01-30 09:40,22.62,535,-583.15,-4.6,2106.64,-4.6,26.75,0.21,690.15,5.44
32,Entry Long,buy,2023-01-27 15:40,23.71,535,-583.15,-4.6,2106.64,-4.6,26.75,0.21,690.15,5.44
31,Exit Long,Close entry(s) order buy,2023-01-27 15:35,23.77,533,149.24,1.19,2689.79,1.19,170.56,1.36,31.98,0.26
31,Entry Long,buy,2023-01-27 13:40,23.49,533,149.24,1.19,2689.79,1.19,170.56,1.36,31.98,0.26
30,Exit Long,Close entry(s) order buy,2023-01-27 13:35,23.43,535,181.90,1.47,2540.55,1.47,187.25,1.52,0,0
30,Entry Long,buy,2023-01-27 11:40,23.09,535,181.90,1.47,2540.55,1.47,187.25,1.52,0,0
29,Exit Long,Close entry(s) order buy,2023-01-27 11:35,23.13,534,699.54,6,2358.65,6,726.24,6.23,16.02,0.14
29,Entry Long,buy,2023-01-26 11:40,21.82,534,699.54,6,2358.65,6,726.24,6.23,16.02,0.14
28,Exit Long,Close entry(s) order buy,2023-01-26 11:35,21.85,533,357.11,3.16,1659.11,3.16,714.22,6.33,0,0
28,Entry Long,buy,2023-01-25 14:35,21.18,533,357.11,3.16,1659.11,3.16,714.22,6.33,0,0
27,Exit Long,Close entry(s) order buy,2023-01-25 10:35,20.09,562,-168.60,-1.47,1302.00,-1.47,134.88,1.18,196.70,1.72
27,Entry Long,buy,2023-01-25 09:35,20.39,562,-168.60,-1.47,1302.00,-1.47,134.88,1.18,196.70,1.72
26,Exit Long,Close entry(s) order buy,2023-01-24 15:35,21.48,533,-85.28,-0.74,1470.60,-0.74,31.98,0.28,85.28,0.74
26,Entry Long,buy,2023-01-24 14:40,21.64,533,-85.28,-0.74,1470.60,-0.74,31.98,0.28,85.28,0.74
25,Exit Long,Close entry(s) order buy,2023-01-24 14:35,21.63,534,21.36,0.19,1555.88,0.19,42.72,0.37,21.36,0.19
25,Entry Long,buy,2023-01-24 14:05,21.59,534,21.36,0.19,1555.88,0.19,42.72,0.37,21.36,0.19
24,Exit Long,Close entry(s) order buy,2023-01-24 13:35,21.66,532,26.60,0.23,1534.52,0.23,31.92,0.28,95.76,0.83
24,Entry Long,buy,2023-01-24 12:40,21.61,532,26.60,0.23,1534.52,0.23,31.92,0.28,95.76,0.83
23,Exit Long,Close entry(s) order buy,2023-01-24 12:35,21.63,532,0,0,1507.92,0,74.48,0.65,63.84,0.55
23,Entry Long,buy,2023-01-24 11:35,21.63,532,0,0,1507.92,0,74.48,0.65,63.84,0.55
22,Exit Long,Close entry(s) order buy,2023-01-24 09:40,21.44,537,10.74,0.09,1507.92,0.09,42.96,0.37,69.81,0.61
22,Entry Long,buy,2023-01-24 09:35,21.42,537,10.74,0.09,1507.92,0.09,42.96,0.37,69.81,0.61
21,Exit Long,Close entry(s) order buy,2023-01-23 14:35,21.72,529,-132.25,-1.14,1497.18,-1.14,15.87,0.14,142.83,1.23
21,Entry Long,buy,2023-01-23 13:40,21.97,529,-132.25,-1.14,1497.18,-1.14,15.87,0.14,142.83,1.23
20,Exit Long,Close entry(s) order buy,2023-01-23 13:35,21.94,530,116.60,1.01,1629.43,1.01,121.90,1.06,26.50,0.23
20,Entry Long,buy,2023-01-23 12:40,21.72,530,116.60,1.01,1629.43,1.01,121.90,1.06,26.50,0.23
19,Exit Long,Close entry(s) order buy,2023-01-23 12:35,21.71,530,-47.70,-0.41,1512.83,-0.41,15.90,0.14,90.10,0.78
19,Entry Long,buy,2023-01-23 11:50,21.80,530,-47.70,-0.41,1512.83,-0.41,15.90,0.14,90.10,0.78
18,Exit Long,Close entry(s) order buy,2023-01-23 11:35,21.67,533,948.74,8.95,1560.53,8.94,1055.34,9.95,5.33,0.05
18,Entry Long,buy,2023-01-20 13:40,19.89,533,948.74,8.95,1560.53,8.94,1055.34,9.95,5.33,0.05
17,Exit Long,Close entry(s) order buy,2023-01-20 13:35,19.77,537,10.74,0.1,611.79,0.1,21.48,0.2,96.66,0.91
17,Entry Long,buy,2023-01-20 12:40,19.75,537,10.74,0.1,611.79,0.1,21.48,0.2,96.66,0.91
16,Exit Long,Close entry(s) order buy,2023-01-20 12:35,19.71,537,134.25,1.28,601.05,1.28,166.47,1.59,64.44,0.62
16,Entry Long,buy,2023-01-20 10:35,19.46,537,134.25,1.28,601.05,1.28,166.47,1.59,64.44,0.62
15,Exit Long,Close entry(s) order buy,2023-01-20 09:40,19.11,548,-65.76,-0.62,466.80,-0.62,43.84,0.42,241.12,2.29
15,Entry Long,buy,2023-01-19 14:35,19.23,548,-65.76,-0.62,466.80,-0.62,43.84,0.42,241.12,2.29
14,Exit Long,Close entry(s) order buy,2023-01-18 11:35,19.79,532,-409.64,-3.75,532.56,-3.74,180.88,1.65,436.24,3.99
14,Entry Long,buy,2023-01-18 09:45,20.56,532,-409.64,-3.75,532.56,-3.74,180.88,1.65,436.24,3.99
13,Exit Long,Close entry(s) order buy,2023-01-18 09:40,20.59,531,153.99,1.43,942.20,1.43,228.33,2.12,111.51,1.03
13,Entry Long,buy,2023-01-17 14:40,20.30,531,153.99,1.43,942.20,1.43,228.33,2.12,111.51,1.03
12,Exit Long,Close entry(s) order buy,2023-01-17 14:35,20.26,532,58.52,0.55,788.21,0.55,95.76,0.89,69.16,0.65
12,Entry Long,buy,2023-01-17 11:50,20.15,532,58.52,0.55,788.21,0.55,95.76,0.89,69.16,0.65
11,Exit Long,Close entry(s) order buy,2023-01-17 11:35,20.07,534,229.62,2.19,729.69,2.19,464.58,4.43,37.38,0.36
11,Entry Long,buy,2023-01-13 12:35,19.64,534,229.62,2.19,729.69,2.19,464.58,4.43,37.38,0.36
10,Exit Long,Close entry(s) order buy,2023-01-13 11:35,19.41,541,-119.02,-1.12,500.07,-1.12,64.92,0.61,140.66,1.32
10,Entry Long,buy,2023-01-13 10:40,19.63,541,-119.02,-1.12,500.07,-1.12,64.92,0.61,140.66,1.32
9,Exit Long,Close entry(s) order buy,2023-01-13 10:35,19.56,543,130.32,1.24,619.09,1.24,206.34,1.97,114.03,1.09
9,Entry Long,buy,2023-01-13 09:35,19.32,543,130.32,1.24,619.09,1.24,206.34,1.97,114.03,1.09
8,Exit Long,Close entry(s) order buy,2023-01-12 15:35,19.64,533,-47.97,-0.46,488.77,-0.46,101.27,0.96,101.27,0.96
8,Entry Long,buy,2023-01-12 13:50,19.73,533,-47.97,-0.46,488.77,-0.46,101.27,0.96,101.27,0.96
7,Exit Long,Close entry(s) order buy,2023-01-12 13:35,19.52,539,113.19,1.09,536.74,1.09,285.67,2.74,21.56,0.21
7,Entry Long,buy,2023-01-12 11:40,19.31,539,113.19,1.09,536.74,1.09,285.67,2.74,21.56,0.21
6,Exit Long,Close entry(s) order buy,2023-01-12 11:35,19.23,542,-168.02,-1.59,423.55,-1.59,10.84,0.1,298.10,2.81
6,Entry Long,buy,2023-01-12 10:40,19.54,542,-168.02,-1.59,423.55,-1.59,10.84,0.1,298.10,2.81
5,Exit Long,Close entry(s) order buy,2023-01-12 10:35,19.39,546,131.04,1.25,591.57,1.25,273.00,2.61,300.30,2.87
5,Entry Long,buy,2023-01-11 14:40,19.15,546,131.04,1.25,591.57,1.25,273.00,2.61,300.30,2.87
4,Exit Long,Close entry(s) order buy,2023-01-11 14:35,19.12,547,443.07,4.42,460.53,4.42,508.71,5.08,21.88,0.22
4,Entry Long,buy,2023-01-10 15:40,18.31,547,443.07,4.42,460.53,4.42,508.71,5.08,21.88,0.22
3,Exit Long,Close entry(s) order buy,2023-01-10 15:35,18.33,546,49.14,0.49,17.46,0.49,98.28,0.99,38.22,0.38
3,Entry Long,buy,2023-01-10 13:35,18.24,546,49.14,0.49,17.46,0.49,98.28,0.99,38.22,0.38
2,Exit Long,Close entry(s) order buy,2023-01-09 13:35,18.75,531,0,0,-31.68,0,63.72,0.64,26.55,0.27
2,Entry Long,buy,2023-01-09 12:40,18.75,531,0,0,-31.68,0,63.72,0.64,26.55,0.27
1,Exit Long,Close entry(s) order buy,2023-01-09 12:35,18.84,528,-31.68,-0.32,-31.68,-0.32,0,0,52.80,0.53
1,Entry Long,buy,2023-01-09 11:55,18.90,528,-31.68,-0.32,-31.68,-0.32,0,0,52.80,0.53